"","phylum","TFZ002_8073","TFZ002_8070","TFZ002_8004","TFZ002_8003","TFZ002_8001","TFZ002_8000","Stahl_21","Stahl_20","Stahl_19","Stahl_18","Stahl_17","Stahl_16","Stahl_15","Stahl_14","Stahl_13","Stahl_12","Stahl_11","Stahl_10","Stahl_09","Stahl_08","Stahl_07","Stahl_06","Stahl_05","Stahl_04","Stahl_03","Stahl_02","Stahl_01","RS0001_1223","RS0001_1222","RS0001_1221","RS0001_1218","RS0001_1206","RS0001_1197","RS0001_1196","RS0001_1181","RS0001_1180","RS0001_1173","RS0001_1171","HG0155_0057","HG0155_0056","HG0155_0055","HG0155_0049","HG0155_0048","HG0155_0047","HG0001_9881","HG0001_9880","HG0001_9879","HG0001_9878","HG0001_9877","HG0001_9876","Geiger_10","Geiger_09","Geiger_08","Geiger_07","Geiger_06","Geiger_05","Geiger_02","Geiger_01"
"Acidobacteria","Acidobacteria",5281,2961,2944,1865,3244,2283,3854,3496,2804,2369,2427,4115,5537,3981,3629,4037,2445,266,973,1119,1375,1048,1541,853,1540,801,83,2000,3182,2465,2771,1963,3516,2192,2506,1849,3296,2388,3673,3400,2665,2111,2290,2496,1266,1497,1566,1505,1691,1707,1784,961,667,890,769,962,430,1218
"Actinobacteria","Actinobacteria",126481,94947,78899,57186,112370,97382,207391,338789,193902,249239,242308,196422,256120,188099,155220,237160,30317,5937,16284,13765,16441,23165,23378,10986,15313,9459,2652,66439,258843,121124,74102,64914,91666,82287,138461,126960,215646,65742,86587,76774,65576,55437,58678,73011,43682,59353,79857,45874,47191,41673,26032,13411,11196,14217,12716,16308,10625,29074
"Apicomplexa","Apicomplexa",650,350,389,662,492,342,696,383,450,322,417,617,769,414,470,427,862,107,719,373,335,393,477,272,379,236,83,372,280,414,515,405,539,419,460,256,466,477,671,475,567,404,465,484,160,201,395,188,164,253,165,67,55,96,165,119,51,110
"Aquificae","Aquificae",207,109,101,196,167,112,128,39,105,51,68,114,159,103,83,123,413,72,514,288,187,488,410,291,188,81,61,86,63,75,75,55,89,86,49,34,76,100,68,148,137,31,34,69,42,40,79,48,67,39,47,48,NA,39,42,26,NA,28
"Armatimonadetes","Armatimonadetes",481,283,273,204,284,210,392,245,172,163,219,360,422,231,312,308,336,NA,181,198,175,174,186,145,187,135,NA,190,199,229,274,238,335,211,152,145,303,204,315,384,343,212,231,241,126,141,186,130,177,151,138,26,53,61,50,80,30,147
"Arthropoda","Arthropoda",2290,2723,4435,36570,15168,7349,625,403,948,6362,573,784,816,514,1885,493,779,305,1008,498,506,1039,713,721,456,283,210,2903,702,2648,1867,2549,986,9813,18617,2807,7877,2976,24174,9332,32746,14413,11435,7893,3643,5863,48452,2020,2350,9343,4160,2256,240,923,16888,132,1384,894
"Ascomycota","Ascomycota",38707,22408,22328,33100,29970,19397,29484,19564,18614,17146,18480,31206,38382,24435,26511,26229,29775,5203,19359,14933,14508,20242,23343,15008,17121,8155,2414,19031,20305,21467,22151,17350,26600,21917,24571,15566,27352,22315,32236,27905,31780,18453,20537,22511,12833,14563,31224,13587,15105,17522,11788,5700,4462,6651,11060,5921,3478,7268
"Bacillariophyta","Bacillariophyta",45,30,35,35,67,35,65,29,41,NA,27,32,29,NA,46,NA,NA,NA,NA,NA,NA,NA,NA,NA,NA,NA,NA,62,NA,63,54,30,120,86,74,40,44,49,NA,32,31,NA,NA,NA,NA,NA,28,NA,24,33,NA,NA,NA,NA,NA,NA,NA,NA
"Bacteroidetes","Bacteroidetes",1933513,1659388,1288158,2007622,1681046,2391963,2328139,4076743,2634431,4297975,3002402,3642826,5798477,5612502,4583759,4709348,45465,8564,33065,29199,24614,36945,36474,43688,30211,14977,4934,1885218,2391598,3206103,1677500,3386557,1873535,2703586,4375100,4490343,2188850,1808334,1477644,487489,554985,896894,934037,654838,1220242,1372846,2398988,1090811,1309252,944706,635076,189818,162329,142117,197133,140735,111356,252894
"Balneolaeota","Balneolaeota",92,44,39,46,69,25,98,37,117,50,51,143,274,191,119,225,362,42,NA,83,62,135,297,NA,158,93,NA,65,NA,62,81,77,57,43,67,76,83,63,27,60,39,NA,NA,35,36,41,79,24,46,30,43,NA,NA,35,NA,NA,NA,NA
"Basidiomycota","Basidiomycota",16404,9606,10269,10899,11930,7688,12191,8216,7312,6045,7647,12122,14951,8745,10662,9482,11958,1910,6646,5356,6758,7236,9161,5051,7175,3545,654,7549,7974,8793,10517,6679,12194,8854,9496,6857,11286,8927,15574,12706,12344,9305,10073,10276,5225,5790,9777,5602,6134,6501,4942,2576,1888,2965,3319,2734,1475,3179
"Blastocladiomycota","Blastocladiomycota",87,53,45,63,68,44,64,52,41,35,44,44,73,34,64,31,31,NA,36,44,44,36,30,76,47,NA,NA,33,33,35,45,41,53,46,66,NA,54,24,26,38,43,NA,NA,NA,NA,44,36,25,35,24,31,NA,NA,NA,NA,NA,NA,NA
"Caldiserica","Caldiserica",34,NA,NA,NA,24,26,NA,NA,NA,NA,NA,26,49,28,26,24,141,NA,159,156,157,114,96,246,240,30,NA,NA,NA,NA,NA,NA,NA,NA,NA,NA,NA,NA,NA,NA,NA,NA,NA,NA,NA,NA,NA,NA,NA,NA,NA,NA,NA,NA,NA,NA,NA,NA
"Calditrichaeota","Calditrichaeota",83,62,34,62,63,51,96,NA,26,NA,26,57,79,29,52,35,165,NA,25,54,90,42,125,NA,94,73,NA,43,NA,46,77,54,100,98,41,58,37,44,NA,38,30,NA,NA,43,NA,28,53,NA,26,NA,NA,NA,NA,29,NA,NA,NA,NA
"candidate.division.AD3","candidate.division.AD3",63,61,36,63,62,43,65,100,59,89,56,70,57,59,52,77,NA,NA,NA,NA,NA,NA,NA,NA,NA,NA,NA,40,130,62,50,NA,43,28,74,58,137,43,57,67,55,NA,NA,47,NA,36,28,30,NA,34,45,NA,32,40,NA,42,NA,68
"candidate.division.CPR3","candidate.division.CPR3",NA,NA,NA,NA,NA,NA,NA,NA,NA,NA,NA,NA,NA,NA,NA,NA,NA,NA,NA,NA,NA,NA,NA,NA,NA,NA,NA,NA,NA,24,NA,NA,NA,NA,NA,NA,NA,NA,NA,NA,NA,NA,NA,NA,NA,NA,NA,NA,NA,NA,NA,NA,NA,NA,NA,NA,NA,NA
"candidate.division.NC10","candidate.division.NC10",180,124,92,42,114,41,60,66,70,54,50,86,105,70,90,104,67,NA,NA,36,63,NA,44,27,69,25,NA,64,89,100,118,76,120,58,63,32,117,86,46,105,78,NA,31,69,34,41,44,35,69,37,52,NA,NA,32,NA,39,NA,38
"candidate.division.WOR.3","candidate.division.WOR.3",66,34,62,94,43,NA,NA,NA,NA,NA,28,NA,NA,NA,NA,NA,146,NA,27,29,31,46,79,NA,53,34,NA,33,32,35,57,NA,60,NA,27,NA,49,48,NA,29,NA,NA,NA,NA,NA,NA,NA,NA,NA,NA,NA,NA,NA,NA,NA,NA,NA,NA
"candidate.division.WPS.2","candidate.division.WPS.2",38,NA,NA,40,28,NA,NA,34,NA,NA,NA,NA,26,NA,NA,27,NA,NA,NA,NA,NA,NA,NA,NA,NA,NA,NA,NA,50,NA,NA,NA,NA,NA,NA,NA,26,30,NA,NA,NA,NA,NA,NA,NA,NA,NA,NA,NA,NA,NA,NA,NA,NA,NA,NA,NA,NA
"candidate.division.WWE3","candidate.division.WWE3",314,65,122,118,189,67,232,50,117,32,76,176,301,90,163,108,523,42,156,282,638,136,339,163,671,219,24,63,34,71,80,35,74,55,71,48,62,34,90,199,115,49,67,63,50,45,80,38,57,73,47,NA,NA,NA,107,88,NA,26
"candidate.division.Zixibacteria","candidate.division.Zixibacteria",161,87,68,82,109,87,148,54,63,NA,70,105,80,NA,83,46,158,NA,50,34,62,71,93,32,33,NA,NA,67,48,84,56,72,115,76,105,57,100,64,107,133,118,46,49,80,31,40,42,40,47,48,29,NA,NA,NA,NA,NA,NA,40
"Candidatus.Adlerbacteria","Candidatus.Adlerbacteria",NA,NA,NA,NA,NA,NA,42,NA,NA,NA,NA,59,99,68,65,79,NA,NA,27,32,32,NA,NA,43,43,NA,NA,NA,NA,NA,46,NA,NA,NA,NA,NA,NA,NA,79,28,27,52,75,32,NA,NA,NA,NA,NA,NA,NA,NA,NA,NA,NA,NA,NA,NA
"Candidatus.Amesbacteria","Candidatus.Amesbacteria",52,30,24,NA,61,NA,74,28,37,NA,50,96,114,40,40,35,50,NA,40,63,64,NA,NA,150,67,NA,NA,NA,NA,NA,27,27,47,25,NA,NA,NA,NA,NA,24,NA,NA,NA,NA,NA,NA,NA,NA,NA,NA,31,NA,NA,NA,NA,NA,NA,NA
"Candidatus.Aminicenantes","Candidatus.Aminicenantes",244,143,102,99,138,139,196,179,99,108,146,179,212,166,169,144,200,NA,41,61,156,38,101,35,130,112,NA,91,172,115,86,93,125,65,99,114,131,117,90,149,121,37,59,85,56,51,81,69,64,59,91,37,35,61,54,36,NA,93
"Candidatus.Andersenbacteria","Candidatus.Andersenbacteria",NA,NA,NA,NA,26,NA,NA,NA,29,NA,NA,NA,NA,NA,NA,NA,NA,NA,NA,NA,NA,NA,NA,NA,NA,NA,NA,NA,NA,NA,NA,NA,NA,29,NA,NA,NA,NA,NA,NA,NA,NA,NA,NA,NA,NA,NA,NA,NA,NA,NA,NA,NA,NA,NA,NA,NA,NA
"Candidatus.Atribacteria","Candidatus.Atribacteria",84,48,29,NA,64,NA,61,NA,NA,NA,NA,73,85,46,48,30,218,NA,25,91,70,69,141,48,89,36,NA,91,36,85,83,28,101,69,37,35,92,33,NA,26,NA,NA,NA,NA,NA,30,NA,NA,NA,NA,NA,NA,NA,NA,NA,NA,NA,NA
"Candidatus.Azambacteria","Candidatus.Azambacteria",41,26,35,NA,47,48,NA,NA,58,NA,27,62,34,48,29,50,NA,NA,NA,NA,NA,NA,NA,NA,NA,NA,NA,NA,NA,47,49,NA,41,NA,44,NA,33,NA,NA,NA,NA,NA,NA,NA,NA,NA,32,NA,NA,NA,33,58,NA,NA,39,NA,NA,NA
"Candidatus.Beckwithbacteria","Candidatus.Beckwithbacteria",66,44,34,NA,27,NA,46,NA,NA,NA,NA,49,95,26,38,25,27,NA,NA,NA,NA,NA,NA,NA,NA,NA,NA,29,NA,NA,25,NA,NA,NA,NA,NA,26,41,74,64,28,35,40,52,25,26,NA,NA,29,NA,NA,NA,NA,NA,NA,NA,NA,NA
"Candidatus.Berkelbacteria","Candidatus.Berkelbacteria",45,NA,49,NA,38,26,42,NA,NA,NA,NA,31,52,24,28,24,26,NA,NA,NA,NA,NA,NA,NA,NA,NA,NA,37,NA,44,51,NA,75,48,NA,NA,37,NA,NA,NA,NA,NA,NA,NA,NA,NA,27,NA,NA,NA,NA,NA,NA,NA,NA,NA,NA,NA
"Candidatus.Bipolaricaulota","Candidatus.Bipolaricaulota",NA,NA,NA,NA,NA,NA,NA,40,NA,NA,NA,NA,26,NA,NA,26,NA,NA,NA,NA,NA,NA,NA,NA,NA,NA,NA,NA,44,NA,NA,NA,NA,NA,NA,NA,27,NA,NA,NA,NA,NA,NA,NA,NA,NA,NA,NA,NA,NA,NA,NA,NA,NA,NA,NA,NA,NA
"Candidatus.Blackburnbacteria","Candidatus.Blackburnbacteria",49,NA,NA,NA,29,NA,NA,NA,NA,NA,NA,101,37,30,42,31,NA,NA,NA,NA,NA,NA,NA,NA,NA,NA,NA,NA,NA,NA,NA,NA,NA,NA,NA,NA,NA,NA,NA,NA,NA,NA,NA,NA,NA,NA,NA,NA,NA,NA,NA,NA,NA,NA,NA,NA,NA,NA
"Candidatus.Brennerbacteria","Candidatus.Brennerbacteria",NA,NA,NA,NA,NA,NA,NA,NA,NA,NA,NA,NA,NA,NA,NA,NA,NA,NA,NA,NA,NA,NA,NA,NA,NA,NA,NA,NA,NA,NA,NA,37,NA,NA,NA,33,NA,NA,NA,NA,NA,NA,NA,NA,NA,NA,26,NA,NA,NA,NA,NA,NA,NA,NA,NA,NA,NA
"Candidatus.Buchananbacteria","Candidatus.Buchananbacteria",81,76,49,36,77,82,51,NA,42,NA,28,74,76,39,58,48,74,NA,NA,NA,NA,31,41,29,NA,29,NA,34,29,57,75,72,62,42,NA,NA,66,40,NA,38,31,NA,NA,28,NA,NA,NA,30,45,31,NA,NA,NA,NA,NA,NA,NA,NA
"Candidatus.Calescamantes","Candidatus.Calescamantes",NA,NA,NA,NA,NA,NA,NA,NA,NA,NA,NA,NA,NA,NA,NA,NA,NA,NA,NA,36,78,NA,37,236,102,NA,NA,NA,NA,NA,NA,NA,NA,NA,NA,NA,NA,NA,NA,NA,NA,NA,NA,NA,NA,NA,NA,NA,NA,NA,NA,NA,NA,NA,NA,NA,NA,NA
"Candidatus.Campbellbacteria","Candidatus.Campbellbacteria",NA,NA,NA,NA,NA,NA,NA,NA,NA,NA,NA,NA,47,28,NA,NA,27,NA,49,28,NA,NA,NA,35,29,NA,NA,NA,NA,NA,NA,NA,40,NA,NA,NA,67,32,NA,NA,NA,NA,NA,NA,NA,NA,NA,NA,NA,NA,NA,NA,NA,NA,NA,NA,NA,NA
"Candidatus.Chisholmbacteria","Candidatus.Chisholmbacteria",50,25,42,NA,NA,NA,NA,NA,NA,NA,NA,NA,NA,NA,NA,NA,NA,NA,NA,NA,NA,NA,NA,NA,NA,NA,NA,25,NA,25,NA,NA,NA,NA,NA,NA,47,50,NA,NA,NA,NA,NA,NA,NA,NA,NA,NA,NA,NA,24,NA,NA,NA,NA,NA,NA,NA
"Candidatus.Cloacimonetes","Candidatus.Cloacimonetes",233,74,98,89,157,109,112,NA,108,NA,66,194,244,158,131,174,74,NA,59,35,38,35,54,30,33,NA,NA,64,66,83,60,74,128,80,56,28,124,88,54,121,72,33,47,60,38,44,54,41,54,51,71,NA,28,35,NA,29,NA,41
"Candidatus.Coatesbacteria","Candidatus.Coatesbacteria",28,NA,NA,NA,NA,NA,NA,NA,NA,NA,NA,NA,NA,NA,NA,NA,NA,NA,NA,NA,NA,NA,NA,NA,NA,NA,NA,NA,NA,NA,NA,NA,NA,NA,NA,NA,NA,NA,NA,NA,NA,NA,NA,NA,NA,NA,NA,NA,NA,NA,NA,NA,NA,NA,NA,NA,NA,NA
"Candidatus.Collierbacteria","Candidatus.Collierbacteria",46,35,NA,NA,NA,29,57,26,NA,NA,33,70,84,25,68,44,NA,NA,NA,32,NA,NA,26,143,NA,NA,NA,NA,NA,NA,25,NA,NA,NA,NA,NA,NA,27,33,86,42,NA,NA,NA,32,55,NA,52,NA,85,NA,NA,NA,NA,NA,NA,NA,NA
"Candidatus.Colwellbacteria","Candidatus.Colwellbacteria",NA,NA,NA,NA,NA,NA,NA,NA,NA,NA,NA,NA,NA,NA,NA,NA,NA,NA,NA,NA,NA,NA,NA,NA,NA,NA,NA,NA,NA,NA,NA,NA,NA,NA,NA,NA,NA,NA,45,NA,NA,NA,33,NA,NA,NA,NA,NA,NA,NA,NA,NA,NA,NA,NA,NA,NA,NA
"Candidatus.Cryosericota","Candidatus.Cryosericota",58,54,24,33,40,33,61,38,NA,24,34,57,77,69,67,60,NA,NA,NA,NA,NA,NA,NA,NA,NA,NA,NA,35,28,35,29,27,97,37,NA,NA,48,48,NA,67,25,NA,NA,26,NA,NA,28,24,NA,NA,NA,NA,NA,NA,NA,NA,NA,NA
"Candidatus.Curtissbacteria","Candidatus.Curtissbacteria",47,35,31,30,79,42,64,62,24,34,28,77,135,70,73,74,34,NA,NA,NA,NA,NA,NA,45,NA,NA,NA,39,77,81,90,NA,24,27,65,NA,95,66,NA,45,54,NA,NA,NA,25,47,26,31,34,35,NA,NA,NA,NA,NA,NA,NA,NA
"Candidatus.Dadabacteria","Candidatus.Dadabacteria",28,NA,NA,NA,NA,NA,NA,NA,NA,NA,NA,NA,NA,NA,NA,NA,131,24,29,45,NA,51,89,NA,49,37,NA,NA,NA,NA,NA,NA,51,36,NA,NA,25,NA,NA,NA,NA,NA,NA,NA,NA,NA,NA,NA,NA,NA,NA,NA,NA,NA,NA,NA,NA,NA
"Candidatus.Daviesbacteria","Candidatus.Daviesbacteria",120,46,25,61,64,28,56,32,76,NA,NA,65,139,89,54,116,240,37,43,66,70,93,179,208,120,48,NA,38,35,32,26,39,44,40,NA,NA,57,42,38,64,60,27,26,46,NA,NA,48,NA,38,34,35,54,25,29,24,27,NA,NA
"Candidatus.Desantisbacteria","Candidatus.Desantisbacteria",68,32,40,24,61,30,30,NA,NA,24,31,50,59,44,57,NA,35,NA,30,NA,NA,NA,NA,93,NA,NA,NA,28,NA,24,25,NA,46,50,28,NA,94,42,39,55,53,36,62,53,NA,NA,NA,NA,NA,NA,NA,NA,NA,29,NA,NA,NA,NA
"Candidatus.Doudnabacteria","Candidatus.Doudnabacteria",75,47,40,38,30,50,88,32,30,NA,29,50,76,26,44,29,81,NA,NA,28,NA,41,79,NA,25,NA,NA,NA,NA,NA,42,NA,38,60,NA,NA,47,29,NA,41,NA,NA,NA,26,NA,NA,NA,NA,NA,NA,39,NA,NA,NA,NA,27,NA,NA
"Candidatus.Edwardsbacteria","Candidatus.Edwardsbacteria",73,54,24,NA,56,38,32,24,NA,NA,25,50,69,42,70,33,NA,NA,NA,NA,NA,25,NA,NA,NA,NA,NA,NA,NA,NA,NA,NA,29,NA,NA,NA,NA,NA,NA,33,NA,NA,NA,24,NA,NA,NA,NA,NA,NA,NA,NA,NA,NA,NA,26,NA,NA
"Candidatus.Eisenbacteria","Candidatus.Eisenbacteria",34,NA,NA,NA,NA,64,24,72,44,34,42,50,33,41,25,51,NA,NA,NA,NA,NA,NA,NA,NA,NA,NA,NA,NA,NA,NA,NA,27,NA,NA,24,NA,46,25,NA,NA,NA,NA,NA,NA,NA,NA,NA,24,38,NA,NA,28,NA,NA,NA,NA,NA,NA
"Candidatus.Falkowbacteria","Candidatus.Falkowbacteria",194,104,120,150,137,94,187,44,86,47,75,155,156,93,130,102,229,31,82,88,61,98,133,88,71,39,NA,113,119,121,174,72,146,96,127,107,186,162,246,156,135,144,197,141,70,74,79,63,89,70,37,NA,NA,24,NA,NA,NA,NA
"Candidatus.Firestonebacteria","Candidatus.Firestonebacteria",58,27,35,NA,49,NA,66,NA,35,NA,42,48,77,26,32,47,136,NA,100,94,107,48,28,125,103,54,NA,NA,25,NA,84,NA,54,33,NA,NA,56,31,NA,NA,NA,NA,NA,26,NA,NA,NA,NA,24,28,NA,NA,NA,NA,NA,NA,NA,NA
"Candidatus.Fischerbacteria","Candidatus.Fischerbacteria",66,40,25,203,NA,NA,32,NA,NA,NA,NA,39,46,NA,25,NA,31,NA,NA,NA,34,NA,NA,NA,NA,NA,NA,NA,NA,NA,35,NA,37,NA,NA,NA,NA,NA,NA,NA,NA,NA,NA,NA,NA,NA,NA,NA,NA,NA,NA,NA,NA,NA,NA,NA,NA,NA
"Candidatus.Fraserbacteria","Candidatus.Fraserbacteria",NA,NA,NA,NA,NA,NA,NA,NA,NA,NA,NA,NA,NA,NA,NA,NA,67,NA,NA,35,67,NA,NA,NA,55,45,NA,NA,NA,NA,NA,NA,NA,NA,NA,NA,NA,NA,NA,NA,NA,NA,NA,NA,NA,NA,NA,NA,NA,NA,NA,NA,NA,NA,NA,NA,NA,NA
"Candidatus.Giovannonibacteria","Candidatus.Giovannonibacteria",106,54,50,59,63,42,125,94,61,92,89,122,100,87,83,80,43,NA,28,NA,NA,NA,NA,NA,NA,NA,NA,38,NA,71,37,NA,56,NA,25,26,86,39,31,54,46,NA,27,NA,71,57,48,58,76,61,40,NA,NA,26,NA,NA,NA,NA
"Candidatus.Glassbacteria","Candidatus.Glassbacteria",56,NA,29,NA,38,NA,NA,NA,48,NA,NA,66,102,149,36,115,NA,NA,NA,NA,NA,NA,NA,NA,NA,NA,NA,NA,NA,NA,NA,NA,NA,NA,NA,NA,NA,39,51,42,34,24,NA,29,NA,NA,NA,NA,NA,NA,NA,NA,NA,NA,NA,NA,NA,NA
"Candidatus.Goldbacteria","Candidatus.Goldbacteria",46,37,NA,77,46,NA,NA,NA,46,NA,NA,61,89,82,26,85,93,NA,25,NA,25,NA,NA,NA,25,32,NA,NA,NA,NA,NA,27,26,NA,NA,NA,NA,NA,NA,NA,NA,NA,NA,NA,NA,NA,NA,NA,NA,NA,NA,NA,NA,NA,NA,NA,NA,NA
"Candidatus.Gottesmanbacteria","Candidatus.Gottesmanbacteria",119,58,112,50,74,51,85,28,86,27,53,132,140,131,89,128,279,37,254,77,133,163,136,185,113,45,25,60,52,83,30,42,95,53,59,30,86,36,44,74,47,NA,40,60,31,27,37,46,36,39,49,NA,NA,37,NA,NA,NA,29
"Candidatus.Gracilibacteria","Candidatus.Gracilibacteria",29,NA,NA,45,54,NA,NA,NA,NA,NA,NA,NA,NA,NA,NA,NA,NA,NA,NA,NA,NA,NA,NA,NA,NA,NA,NA,NA,NA,NA,25,NA,NA,NA,NA,NA,NA,NA,NA,NA,NA,NA,NA,NA,NA,NA,NA,NA,NA,NA,NA,NA,NA,NA,NA,NA,NA,NA
"Candidatus.Handelsmanbacteria","Candidatus.Handelsmanbacteria",60,47,63,25,81,25,34,45,NA,40,NA,38,83,43,59,47,NA,NA,NA,NA,NA,NA,NA,NA,NA,NA,NA,51,77,74,46,54,34,NA,57,71,80,75,NA,53,29,NA,NA,NA,30,25,52,41,28,45,26,NA,NA,NA,NA,NA,NA,34
"Candidatus.Harrisonbacteria","Candidatus.Harrisonbacteria",63,32,29,31,53,NA,NA,NA,NA,26,28,47,49,39,47,39,NA,NA,NA,NA,NA,NA,NA,NA,NA,NA,NA,NA,53,NA,40,26,NA,NA,NA,33,NA,NA,NA,NA,NA,NA,NA,NA,28,37,32,NA,36,24,NA,NA,NA,NA,NA,NA,NA,NA
"Candidatus.Hydrogenedentes","Candidatus.Hydrogenedentes",NA,NA,NA,83,24,NA,NA,NA,NA,NA,NA,30,NA,NA,NA,NA,65,NA,92,70,NA,46,29,24,24,NA,NA,NA,NA,NA,NA,NA,NA,NA,NA,NA,NA,NA,NA,NA,NA,NA,NA,NA,NA,NA,NA,NA,NA,NA,NA,NA,NA,NA,NA,NA,NA,NA
"Candidatus.Jorgensenbacteria","Candidatus.Jorgensenbacteria",77,NA,66,NA,34,NA,38,NA,NA,NA,NA,34,42,25,NA,NA,36,NA,NA,NA,NA,NA,NA,NA,NA,NA,NA,38,NA,39,76,NA,92,54,30,NA,39,34,131,56,72,62,78,64,NA,NA,NA,NA,NA,NA,NA,NA,NA,NA,NA,NA,NA,NA
"Candidatus.Kaiserbacteria","Candidatus.Kaiserbacteria",174,111,118,249,178,122,229,247,127,155,160,179,222,137,176,170,176,NA,182,42,38,115,155,30,46,25,NA,88,112,162,112,103,136,81,151,117,151,88,209,130,144,130,159,153,48,83,136,65,82,72,59,NA,NA,NA,NA,26,NA,NA
"Candidatus.Kapabacteria","Candidatus.Kapabacteria",82,37,55,53,61,36,45,85,88,46,43,89,101,123,65,101,50,NA,40,40,39,28,NA,78,81,28,NA,48,51,77,39,61,47,40,130,74,73,33,153,31,51,99,100,58,NA,NA,41,NA,NA,NA,37,74,NA,NA,32,NA,NA,NA
"Candidatus.Kerfeldbacteria","Candidatus.Kerfeldbacteria",29,NA,27,NA,NA,NA,34,40,NA,NA,NA,NA,30,NA,NA,NA,NA,NA,NA,NA,NA,NA,NA,NA,NA,NA,NA,NA,NA,NA,34,NA,26,NA,NA,NA,NA,24,NA,26,NA,NA,NA,NA,37,NA,NA,NA,26,NA,35,NA,NA,NA,NA,24,NA,NA
"Candidatus.Komeilibacteria","Candidatus.Komeilibacteria",33,24,NA,55,48,NA,34,NA,NA,NA,30,31,58,28,28,34,NA,NA,NA,NA,NA,NA,NA,115,NA,NA,NA,NA,NA,26,35,NA,NA,27,NA,NA,47,27,NA,32,31,NA,NA,NA,NA,NA,NA,NA,NA,NA,24,NA,NA,25,NA,NA,NA,NA
"Candidatus.Korarchaeota","Candidatus.Korarchaeota",NA,NA,NA,NA,NA,NA,NA,NA,NA,NA,NA,NA,NA,NA,NA,NA,NA,NA,NA,NA,NA,NA,NA,NA,NA,NA,NA,NA,NA,NA,NA,NA,25,NA,NA,NA,31,NA,NA,NA,NA,NA,NA,NA,NA,NA,NA,NA,NA,NA,NA,NA,NA,NA,NA,NA,NA,NA
"Candidatus.Kryptonia","Candidatus.Kryptonia",53,NA,53,88,70,NA,85,36,28,NA,48,56,56,35,35,30,106,NA,82,107,65,59,35,188,110,28,NA,24,31,NA,NA,33,NA,NA,NA,NA,NA,57,NA,35,37,NA,NA,24,27,28,28,NA,25,26,NA,NA,NA,NA,NA,NA,NA,NA
"Candidatus.Kuenenbacteria","Candidatus.Kuenenbacteria",NA,NA,NA,NA,48,NA,44,NA,NA,NA,28,32,39,NA,29,NA,NA,NA,NA,NA,NA,83,NA,NA,NA,NA,NA,NA,NA,NA,32,NA,33,NA,NA,NA,24,33,NA,24,24,NA,NA,25,NA,NA,NA,NA,NA,NA,NA,NA,NA,NA,NA,31,NA,NA
"Candidatus.Latescibacteria","Candidatus.Latescibacteria",103,36,48,38,80,NA,80,32,27,NA,NA,78,111,50,81,27,45,NA,NA,26,43,NA,NA,24,68,35,NA,NA,NA,24,43,26,24,NA,31,27,27,29,223,74,94,156,145,129,NA,NA,25,NA,NA,NA,NA,NA,NA,NA,NA,NA,NA,NA
"Candidatus.Levybacteria","Candidatus.Levybacteria",103,69,63,80,116,56,170,30,57,29,47,114,199,74,123,105,161,24,174,134,210,185,154,356,248,42,NA,29,49,NA,29,NA,24,NA,26,NA,57,79,24,72,51,NA,27,28,42,26,35,36,28,64,24,NA,NA,NA,NA,26,NA,NA
"Candidatus.Lindowbacteria","Candidatus.Lindowbacteria",49,35,28,NA,34,NA,35,NA,95,NA,31,122,206,161,56,158,76,NA,NA,27,60,NA,30,NA,88,31,NA,NA,NA,NA,NA,NA,NA,NA,NA,NA,NA,NA,NA,33,NA,NA,NA,NA,NA,NA,NA,NA,NA,NA,NA,NA,NA,NA,NA,NA,NA,26
"Candidatus.Liptonbacteria","Candidatus.Liptonbacteria",NA,NA,NA,NA,NA,NA,55,NA,NA,NA,NA,NA,61,24,NA,NA,NA,NA,NA,NA,NA,NA,NA,30,NA,NA,NA,NA,NA,NA,NA,NA,NA,NA,NA,NA,NA,NA,NA,NA,NA,NA,NA,NA,NA,NA,NA,NA,NA,NA,NA,NA,NA,NA,NA,NA,NA,NA
"Candidatus.Lloydbacteria","Candidatus.Lloydbacteria",31,NA,28,NA,NA,NA,NA,NA,NA,NA,NA,25,NA,NA,NA,NA,NA,NA,NA,NA,NA,NA,NA,NA,NA,NA,NA,NA,NA,NA,NA,NA,NA,NA,NA,NA,NA,38,NA,26,25,NA,NA,30,NA,NA,NA,NA,NA,NA,29,NA,NA,NA,NA,NA,NA,NA
"Candidatus.Magasanikbacteria","Candidatus.Magasanikbacteria",258,146,92,252,208,104,161,58,65,53,101,203,251,118,153,106,390,40,294,110,124,174,221,126,119,72,31,116,67,88,96,85,169,126,72,33,137,121,134,132,123,79,87,110,56,72,83,102,89,121,38,NA,NA,NA,25,33,NA,35
"Candidatus.Margulisbacteria","Candidatus.Margulisbacteria",29,NA,NA,NA,NA,NA,NA,NA,NA,NA,NA,NA,NA,NA,NA,NA,132,NA,NA,34,44,36,60,NA,66,59,NA,NA,NA,NA,NA,NA,NA,NA,NA,NA,NA,44,NA,NA,NA,NA,NA,NA,NA,NA,NA,NA,NA,NA,NA,NA,NA,NA,NA,NA,NA,NA
"Candidatus.Marinimicrobia","Candidatus.Marinimicrobia",113,95,69,76,72,66,120,55,55,28,64,118,188,81,84,87,144,NA,159,140,61,107,89,96,119,NA,NA,62,40,81,146,48,120,112,32,NA,98,104,NA,48,NA,NA,NA,30,53,69,35,36,41,46,38,NA,NA,24,NA,NA,NA,25
"Candidatus.Melainabacteria","Candidatus.Melainabacteria",810,315,381,283,571,266,514,131,208,137,206,327,669,332,433,399,581,83,749,444,375,459,303,945,443,119,70,229,211,259,254,184,295,180,212,122,324,256,193,256,250,60,106,152,375,239,602,318,328,465,143,82,61,79,57,81,43,94
"Candidatus.Moranbacteria","Candidatus.Moranbacteria",248,93,134,84,140,152,169,79,156,99,82,181,306,259,138,222,279,67,283,245,129,280,252,112,162,91,32,63,104,122,104,109,151,105,71,77,135,115,42,112,76,45,40,67,75,105,93,62,100,65,99,76,27,39,31,52,31,57
"Candidatus.Nealsonbacteria","Candidatus.Nealsonbacteria",67,NA,52,NA,30,NA,30,27,38,25,44,80,92,46,38,38,70,NA,114,NA,NA,28,NA,NA,NA,NA,NA,NA,29,25,NA,NA,61,46,26,NA,41,77,33,60,52,NA,NA,29,32,37,35,NA,29,28,NA,NA,NA,NA,NA,NA,NA,NA
"Candidatus.Nomurabacteria","Candidatus.Nomurabacteria",152,84,71,143,111,47,101,84,45,84,72,137,171,96,106,90,105,NA,143,24,NA,29,NA,67,31,NA,NA,70,62,73,124,37,128,79,63,32,155,86,67,107,88,55,42,63,44,42,67,46,57,53,24,NA,NA,NA,NA,NA,NA,27
"Candidatus.Omnitrophica","Candidatus.Omnitrophica",1103,575,681,449,689,456,800,432,426,253,502,726,868,450,567,555,693,82,307,371,399,303,436,331,469,201,24,442,362,473,395,342,549,433,423,288,441,342,1096,742,611,700,725,778,234,238,285,250,297,291,272,164,119,149,105,176,70,194
"Candidatus.Pacebacteria","Candidatus.Pacebacteria",67,27,69,116,61,NA,29,NA,NA,NA,NA,NA,33,NA,30,NA,NA,NA,24,NA,NA,32,NA,NA,NA,NA,NA,44,37,34,35,30,51,NA,25,NA,30,NA,28,30,31,NA,NA,31,NA,NA,29,NA,NA,NA,NA,NA,NA,NA,NA,NA,NA,NA
"Candidatus.Parcubacteria","Candidatus.Parcubacteria",41,48,46,39,41,NA,40,NA,NA,NA,NA,38,41,33,47,NA,31,NA,45,NA,NA,24,27,42,NA,NA,NA,NA,NA,NA,NA,NA,32,NA,NA,NA,NA,46,NA,24,26,NA,NA,NA,NA,NA,NA,NA,NA,NA,NA,NA,NA,NA,NA,NA,NA,NA
"Candidatus.Peregrinibacteria","Candidatus.Peregrinibacteria",338,164,131,227,232,112,232,108,125,79,128,190,354,139,247,188,382,32,114,84,64,132,173,79,78,75,NA,142,100,166,190,108,199,159,133,79,230,150,176,250,184,94,110,115,88,77,136,110,133,97,104,36,40,59,45,81,NA,31
"Candidatus.Poribacteria","Candidatus.Poribacteria",115,54,68,75,60,30,42,47,83,32,34,113,243,176,72,173,167,50,113,57,145,151,167,69,141,27,NA,49,58,53,24,91,131,68,75,26,214,66,24,45,43,NA,NA,46,36,27,33,28,25,38,30,35,NA,NA,33,32,NA,26
"Candidatus.Portnoybacteria","Candidatus.Portnoybacteria",41,NA,NA,120,49,NA,46,24,NA,39,32,32,84,36,35,33,59,NA,50,NA,41,37,41,NA,30,NA,NA,30,26,65,72,25,51,52,36,34,51,31,38,46,37,NA,NA,24,29,29,NA,NA,27,NA,47,NA,NA,30,NA,NA,NA,NA
"Candidatus.Raymondbacteria","Candidatus.Raymondbacteria",189,164,26,104,58,86,34,58,34,77,44,64,46,93,91,47,27,NA,NA,NA,NA,NA,NA,NA,NA,NA,NA,82,293,103,45,173,102,99,30,240,83,71,NA,25,NA,NA,NA,26,92,101,100,61,106,71,NA,NA,NA,NA,NA,NA,NA,NA
"Candidatus.Riflebacteria","Candidatus.Riflebacteria",147,98,59,42,81,31,45,31,36,28,NA,60,105,54,55,55,42,NA,NA,NA,NA,NA,NA,NA,NA,NA,NA,66,57,59,91,29,75,27,25,31,75,78,44,78,65,26,25,43,26,25,NA,30,33,49,NA,NA,NA,NA,NA,NA,NA,NA
"Candidatus.Roizmanbacteria","Candidatus.Roizmanbacteria",183,117,145,108,119,65,159,75,73,51,67,105,211,74,119,105,234,NA,341,149,131,105,79,220,166,33,34,95,109,90,117,95,142,152,130,78,101,94,100,227,226,65,101,197,48,77,81,51,70,49,35,NA,NA,30,NA,NA,NA,31
"Candidatus.Rokubacteria","Candidatus.Rokubacteria",1271,687,829,482,856,674,983,1186,890,887,849,1245,1602,1383,959,1347,364,49,102,164,232,165,233,94,228,122,NA,580,1174,696,695,494,762,461,693,640,985,658,2150,1001,1030,1256,1298,1001,302,388,401,403,431,366,418,276,148,182,196,231,100,288
"Candidatus.Ryanbacteria","Candidatus.Ryanbacteria",62,NA,NA,NA,28,45,NA,NA,NA,NA,27,NA,NA,NA,NA,NA,52,NA,NA,NA,51,NA,33,NA,34,NA,NA,NA,NA,27,NA,NA,24,25,32,NA,27,NA,NA,29,24,NA,NA,NA,NA,NA,NA,NA,NA,NA,NA,NA,NA,NA,NA,NA,NA,NA
"Candidatus.Saccharibacteria","Candidatus.Saccharibacteria",470,433,293,118,473,239,2933,1864,874,847,428,3835,5670,2155,2547,2194,182,41,107,79,79,108,111,177,79,30,NA,277,203,346,334,164,687,514,114,97,381,227,148,174,173,81,112,126,82,90,93,81,79,92,98,40,25,58,31,45,31,80
"Candidatus.Schekmanbacteria","Candidatus.Schekmanbacteria",80,65,63,42,69,28,83,26,32,27,41,80,82,30,40,38,89,NA,76,52,71,64,47,35,61,NA,NA,40,39,29,67,54,77,57,29,24,66,76,NA,66,32,NA,NA,45,NA,NA,25,NA,NA,NA,NA,NA,NA,NA,NA,NA,NA,NA
"Candidatus.Shapirobacteria","Candidatus.Shapirobacteria",59,NA,24,36,35,NA,38,NA,NA,NA,NA,50,66,NA,45,NA,24,NA,NA,NA,NA,NA,NA,NA,NA,NA,NA,33,NA,26,NA,24,25,NA,NA,NA,NA,NA,NA,NA,24,NA,NA,NA,NA,NA,NA,NA,NA,NA,NA,NA,NA,NA,NA,NA,NA,NA
"Candidatus.Spechtbacteria","Candidatus.Spechtbacteria",NA,NA,NA,NA,NA,NA,NA,NA,NA,NA,NA,NA,NA,NA,NA,NA,25,NA,NA,NA,NA,NA,NA,NA,NA,NA,NA,NA,NA,NA,NA,NA,NA,NA,NA,NA,NA,NA,NA,NA,NA,NA,NA,NA,NA,NA,NA,NA,NA,NA,NA,NA,NA,NA,NA,NA,NA,NA
"Candidatus.Staskawiczbacteria","Candidatus.Staskawiczbacteria",48,24,NA,30,31,NA,32,NA,NA,NA,NA,29,59,33,24,34,NA,NA,NA,NA,NA,NA,NA,106,34,NA,NA,39,NA,29,41,NA,47,NA,NA,NA,NA,NA,NA,NA,NA,NA,NA,NA,NA,NA,NA,NA,NA,NA,NA,NA,NA,NA,NA,NA,NA,NA
"Candidatus.Sumerlaeota","Candidatus.Sumerlaeota",39,NA,NA,NA,NA,NA,35,53,NA,33,51,40,86,41,49,65,NA,NA,NA,NA,NA,NA,NA,NA,NA,NA,NA,NA,NA,NA,NA,36,30,NA,NA,28,NA,NA,NA,35,42,NA,NA,NA,NA,NA,NA,NA,NA,NA,NA,NA,NA,NA,NA,NA,NA,NA
"Candidatus.Sungbacteria","Candidatus.Sungbacteria",38,35,25,NA,39,NA,37,NA,NA,NA,25,43,51,NA,37,NA,NA,NA,25,NA,NA,NA,NA,NA,NA,NA,NA,NA,NA,25,NA,NA,31,NA,27,NA,33,42,NA,54,28,NA,NA,NA,NA,NA,NA,NA,NA,NA,NA,NA,NA,NA,NA,NA,NA,NA
"Candidatus.Tagabacteria","Candidatus.Tagabacteria",24,85,NA,NA,NA,NA,NA,NA,NA,NA,NA,NA,NA,NA,NA,NA,NA,NA,26,NA,31,35,NA,75,49,NA,NA,NA,NA,NA,NA,NA,NA,NA,NA,NA,NA,NA,NA,NA,NA,NA,NA,NA,NA,NA,NA,NA,NA,NA,NA,NA,NA,NA,NA,NA,NA,NA
"Candidatus.Taylorbacteria","Candidatus.Taylorbacteria",84,26,95,NA,51,26,41,NA,31,NA,26,73,94,47,54,NA,55,NA,NA,NA,NA,31,NA,NA,NA,NA,NA,40,NA,70,46,51,52,32,43,62,46,43,NA,43,25,NA,NA,24,NA,NA,47,NA,39,42,NA,NA,NA,NA,NA,NA,NA,NA
"Candidatus.Tectomicrobia","Candidatus.Tectomicrobia",297,118,176,70,166,108,142,63,116,46,82,153,218,178,126,166,149,NA,43,46,104,51,107,34,105,80,NA,82,110,123,235,136,129,64,100,68,187,130,66,99,70,33,NA,68,49,60,66,48,68,64,37,NA,NA,28,31,NA,NA,52
"Candidatus.Terrybacteria","Candidatus.Terrybacteria",26,NA,NA,NA,NA,NA,27,NA,NA,NA,NA,NA,NA,NA,NA,NA,NA,NA,NA,NA,NA,NA,NA,NA,NA,NA,NA,NA,NA,NA,NA,NA,NA,NA,NA,NA,NA,NA,NA,NA,NA,NA,NA,NA,NA,NA,NA,NA,NA,NA,NA,NA,NA,NA,NA,NA,NA,NA
"Candidatus.Uhrbacteria","Candidatus.Uhrbacteria",215,85,153,70,83,88,194,61,82,49,73,138,170,86,119,91,129,NA,98,135,118,93,83,136,138,36,NA,95,78,160,115,109,197,170,63,41,187,187,300,236,167,163,202,170,48,49,55,64,66,71,108,NA,43,65,NA,33,NA,36
"Candidatus.Veblenbacteria","Candidatus.Veblenbacteria",NA,NA,NA,NA,NA,NA,NA,NA,26,NA,NA,45,77,89,NA,58,NA,NA,NA,NA,NA,NA,NA,NA,NA,NA,NA,NA,NA,NA,NA,NA,NA,NA,NA,NA,NA,NA,NA,NA,NA,NA,NA,NA,NA,NA,NA,NA,NA,NA,NA,NA,NA,NA,NA,NA,NA,NA
"Candidatus.Vogelbacteria","Candidatus.Vogelbacteria",43,NA,NA,NA,NA,NA,30,NA,NA,NA,NA,34,57,NA,28,NA,NA,NA,NA,NA,NA,NA,NA,NA,NA,NA,NA,NA,30,48,25,28,39,26,NA,NA,NA,NA,NA,NA,NA,NA,NA,NA,NA,NA,NA,NA,NA,NA,NA,NA,NA,NA,NA,NA,NA,NA
"Candidatus.Wallbacteria","Candidatus.Wallbacteria",76,41,NA,109,60,NA,54,34,NA,NA,NA,35,NA,NA,28,NA,67,NA,78,61,60,71,55,124,94,NA,NA,NA,NA,NA,NA,25,37,NA,45,NA,NA,NA,142,63,56,67,71,80,NA,NA,52,NA,NA,NA,34,NA,NA,NA,NA,NA,NA,NA
"Candidatus.Wildermuthbacteria","Candidatus.Wildermuthbacteria",51,24,NA,80,51,NA,NA,NA,NA,NA,NA,25,NA,NA,NA,NA,50,NA,NA,NA,NA,NA,NA,NA,NA,NA,NA,NA,NA,NA,NA,NA,NA,NA,NA,NA,NA,NA,NA,65,66,NA,NA,NA,28,26,NA,39,30,36,NA,NA,NA,NA,NA,NA,NA,NA
"Candidatus.Wirthbacteria","Candidatus.Wirthbacteria",27,NA,29,NA,NA,NA,NA,NA,NA,NA,NA,29,57,35,32,26,NA,NA,NA,NA,NA,NA,NA,NA,NA,NA,NA,NA,NA,NA,NA,NA,NA,NA,NA,29,NA,NA,NA,34,NA,NA,NA,NA,NA,27,28,NA,31,NA,NA,NA,NA,NA,NA,NA,NA,NA
"Candidatus.Woesebacteria","Candidatus.Woesebacteria",176,113,144,260,159,63,200,53,68,43,46,100,161,77,82,79,199,59,255,101,75,313,224,124,86,25,24,115,60,95,116,112,102,59,55,60,88,118,80,72,74,46,68,79,74,34,127,45,58,72,30,NA,NA,NA,NA,NA,NA,NA
"Candidatus.Wolfebacteria","Candidatus.Wolfebacteria",112,77,42,NA,57,39,90,NA,56,NA,NA,68,119,39,64,59,182,NA,46,86,113,31,72,30,51,28,NA,39,37,37,77,95,43,45,29,27,57,36,NA,29,31,NA,NA,NA,NA,NA,NA,NA,NA,NA,NA,NA,NA,NA,NA,NA,NA,NA
"Candidatus.Woykebacteria","Candidatus.Woykebacteria",25,NA,NA,NA,NA,NA,NA,NA,NA,NA,NA,NA,NA,NA,NA,NA,NA,NA,NA,NA,NA,NA,NA,NA,NA,NA,NA,NA,NA,NA,NA,NA,NA,NA,NA,NA,NA,NA,NA,NA,NA,NA,NA,NA,NA,NA,NA,NA,NA,NA,NA,NA,NA,NA,NA,NA,NA,NA
"Candidatus.Yanofskybacteria","Candidatus.Yanofskybacteria",110,66,50,146,122,36,60,32,29,43,40,95,147,84,85,85,NA,NA,NA,NA,NA,NA,NA,NA,NA,NA,NA,34,52,62,64,46,111,44,81,54,90,80,125,105,95,71,100,75,29,42,50,25,51,38,NA,NA,NA,NA,NA,NA,NA,NA
"Candidatus.Yonathbacteria","Candidatus.Yonathbacteria",NA,NA,37,NA,NA,NA,NA,NA,NA,NA,NA,NA,NA,NA,NA,NA,NA,NA,NA,NA,NA,NA,NA,NA,NA,NA,NA,NA,NA,25,NA,NA,NA,NA,36,NA,NA,NA,NA,NA,NA,NA,NA,NA,NA,NA,NA,NA,NA,NA,NA,NA,NA,NA,NA,NA,NA,NA
"Candidatus.Zambryskibacteria","Candidatus.Zambryskibacteria",105,38,26,25,39,27,87,48,53,42,35,98,114,87,84,52,93,NA,NA,33,NA,35,45,NA,35,NA,NA,32,32,33,39,25,36,28,35,NA,47,31,75,39,29,41,39,38,NA,30,27,NA,24,NA,NA,NA,NA,NA,NA,NA,NA,NA
"Chlamydiae","Chlamydiae",24963,33409,60280,415028,161238,91113,856,2077,9617,113755,4477,5052,1365,2999,23326,2283,1601,1447,3584,1602,2356,4620,1808,1894,1674,974,1593,30388,5982,29061,21450,31723,7103,101497,205719,34500,88881,31167,234730,93341,323722,150908,101351,70497,48612,68492,515328,19505,20431,91102,40008,16902,1442,6578,128879,211,10555,6075
"Chlorobi","Chlorobi",656,410,428,469,555,378,456,432,408,378,296,567,776,652,526,607,317,NA,184,156,261,175,143,245,232,59,NA,318,386,434,375,309,470,294,451,347,401,354,726,528,390,454,521,402,150,158,281,191,183,196,170,99,60,76,70,73,44,96
"Chloroflexi","Chloroflexi",5065,2896,2992,2508,3368,2044,3465,2385,2453,1718,2073,3718,4676,3150,3052,3402,3715,439,1443,1391,1636,2099,2861,1450,1734,1018,105,2400,2769,2658,2947,2279,3790,2478,2451,1831,3481,2673,2876,3468,2656,1561,1994,2466,1213,1371,1565,1437,1588,1570,1546,729,609,886,571,805,359,1210
"Chordata","Chordata",6161,5245,7357,45286,20724,10563,3982,4095,2635,13255,3211,4722,6568,4130,7464,2584,5217,1816,5868,5350,4058,6994,5072,8000,3733,1378,629,5111,2234,5625,4584,4678,3959,13189,24750,4954,11819,5814,31762,12632,40897,18217,13769,10677,7099,8469,60950,4146,4401,12731,5066,3517,597,1499,16289,653,1481,1446
"Chrysiogenetes","Chrysiogenetes",59,249,31,40,122,NA,66,NA,48,NA,NA,58,108,104,111,97,71,NA,NA,30,48,NA,33,NA,46,39,NA,NA,NA,30,NA,NA,30,52,39,26,NA,NA,44,86,49,NA,NA,50,NA,62,NA,27,27,NA,NA,NA,NA,NA,NA,NA,NA,25
"Chytridiomycota","Chytridiomycota",307,205,222,221,225,112,332,175,220,127,151,409,517,348,273,404,301,26,92,100,74,95,139,63,81,66,NA,184,145,153,323,155,316,183,190,102,237,186,298,258,284,165,225,248,143,142,205,137,135,139,57,NA,29,48,66,34,NA,68
"Coprothermobacterota","Coprothermobacterota",29,NA,NA,NA,25,NA,NA,NA,NA,NA,NA,NA,NA,NA,NA,NA,NA,NA,NA,NA,NA,NA,NA,NA,NA,NA,NA,NA,NA,NA,NA,NA,NA,NA,NA,NA,NA,NA,NA,NA,NA,NA,NA,NA,NA,NA,NA,NA,NA,NA,NA,NA,NA,NA,NA,NA,NA,NA
"Crenarchaeota","Crenarchaeota",123,73,85,157,145,77,105,71,99,52,35,110,162,125,79,135,168,NA,189,184,57,108,72,94,83,25,38,101,29,91,63,29,57,80,76,NA,68,99,107,95,90,70,88,98,NA,29,70,24,39,50,54,96,NA,NA,44,30,NA,28
"Cryptomycota","Cryptomycota",77,NA,NA,NA,52,51,NA,NA,NA,NA,NA,25,NA,NA,NA,NA,26,NA,NA,NA,NA,NA,NA,88,NA,NA,NA,NA,NA,NA,38,NA,NA,NA,NA,NA,33,NA,NA,NA,NA,NA,NA,NA,NA,NA,29,NA,NA,25,NA,NA,NA,NA,NA,NA,NA,NA
"Cryptophyta","Cryptophyta",NA,NA,NA,52,35,NA,NA,NA,NA,NA,NA,NA,NA,NA,NA,NA,NA,NA,NA,NA,NA,NA,NA,NA,NA,NA,NA,NA,NA,NA,NA,NA,NA,NA,NA,NA,NA,NA,NA,NA,NA,NA,NA,NA,NA,NA,NA,NA,NA,NA,NA,NA,NA,NA,NA,NA,NA,NA
"Cyanobacteria","Cyanobacteria",7003,3836,4094,4374,4552,3021,5246,2554,3178,2057,2583,5334,7122,4824,4316,4825,6289,832,3930,3342,2452,4018,4368,2619,3363,1525,479,3120,2610,3292,3388,2726,4691,3249,3071,2069,4198,3900,3383,4216,3850,2029,2434,3061,1986,2189,3300,2245,2353,2681,1966,950,824,1068,911,965,456,1353
"Deferribacteres","Deferribacteres",15112,15582,3602,953,13435,4178,246,272,158,138,255,189023,132572,20746,385307,35099,221,55,284,101,99,139,128,280,141,110,50,290,270,274,387,203,372,372,287,479,360,362,212,365,319,132,254,276,52863,31914,2395,62001,65426,40255,44,NA,NA,43,NA,37,NA,42
"Deinococcus.Thermus","Deinococcus.Thermus",2032,1282,946,759,1191,997,1579,1648,1305,1268,1092,1913,2372,2052,1634,2001,679,89,199,335,351,381,581,245,399,166,25,976,2068,1185,913,1229,1724,953,958,1179,1503,1213,844,1274,1020,412,526,906,758,958,797,916,966,978,613,573,301,373,473,432,163,686
"Dictyoglomi","Dictyoglomi",34,24,26,NA,35,NA,24,NA,NA,NA,NA,NA,24,NA,NA,NA,49,NA,NA,NA,28,NA,NA,169,32,NA,NA,NA,NA,25,36,NA,NA,NA,NA,NA,24,NA,24,25,NA,NA,NA,NA,NA,NA,NA,NA,NA,NA,NA,NA,NA,NA,NA,NA,NA,NA
"Elusimicrobia","Elusimicrobia",1263,763,727,776,964,670,1062,1009,466,663,636,993,1356,784,1036,893,926,143,495,383,353,708,784,553,407,224,43,664,981,886,753,741,1156,782,702,668,1129,923,1019,1023,804,601,612,736,411,470,488,533,564,557,331,92,132,169,121,222,83,336
"Euryarchaeota","Euryarchaeota",1994,1119,1153,1460,1222,902,1750,1118,827,798,965,1596,1883,1199,1314,1275,1517,242,987,882,694,1047,1058,648,809,371,144,989,1137,1132,1124,682,1521,1073,1018,856,1416,1028,1286,1608,1417,636,873,988,884,1027,803,1144,1139,1249,652,210,242,357,231,328,143,455
"Fibrobacteres","Fibrobacteres",801,514,555,348,540,395,553,383,374,328,324,594,816,584,540,557,556,54,292,255,224,241,262,258,334,192,NA,434,447,534,644,328,571,485,470,448,442,371,666,460,358,383,477,435,275,244,367,233,353,282,190,112,84,142,77,103,59,115
"Firmicutes","Firmicutes",5966202,3708758,2739221,2551729,3088645,2839727,6064583,4773663,3772119,4284960,3350553,5511670,4973156,3299192,3490242,2444443,5887851,2624065,3660324,4203416,2957845,9001771,13884004,5297748,3014805,1398038,785539,3700113,2078589,3326063,2828795,3451894,3664510,2690808,2494664,1225075,3998851,3177871,1056531,3278000,2592707,495244,1015222,2088471,1474165,1769323,1807704,2070829,2321806,2468478,1385714,797753,630830,880281,756102,952553,535923,1022868
"Fusobacteria","Fusobacteria",3091,2035,1868,2759,3051,1353,2563,782,1316,709,1138,2457,3198,1705,1874,1877,3847,687,3955,2765,2847,3111,3571,3570,3392,768,578,1597,1683,1602,1792,1369,2369,1568,929,816,2469,1795,764,1914,1460,340,567,1145,1279,1285,1549,1092,1228,1173,819,304,309,606,449,449,194,396
"Gemmatimonadetes","Gemmatimonadetes",1298,757,876,464,797,565,1088,1033,689,660,719,1126,1457,1069,930,1232,703,42,182,309,413,249,314,311,427,194,NA,550,924,763,708,494,788,477,689,604,981,537,1232,884,788,733,772,665,291,340,388,372,392,380,398,230,148,203,204,231,103,293
"Ignavibacteriae","Ignavibacteriae",1075,546,432,895,869,441,769,297,363,292,284,666,799,494,593,435,1024,140,512,279,388,538,639,531,447,296,64,736,462,609,617,353,624,477,287,363,569,462,542,384,359,304,333,367,349,338,422,325,358,307,123,87,67,81,84,131,56,76
"Kiritimatiellaeota","Kiritimatiellaeota",NA,NA,NA,NA,NA,NA,NA,NA,NA,NA,NA,NA,NA,NA,NA,NA,NA,NA,NA,NA,NA,NA,NA,NA,NA,NA,NA,NA,NA,NA,NA,NA,NA,NA,NA,NA,NA,NA,NA,29,33,NA,NA,NA,NA,NA,NA,NA,NA,NA,NA,NA,NA,NA,NA,NA,NA,NA
"Lentisphaerae","Lentisphaerae",1239,600,802,350,653,463,981,672,701,503,540,1012,1309,1003,754,1009,656,65,298,360,423,313,408,374,467,204,30,466,411,531,773,415,860,562,494,445,547,605,479,604,440,206,291,390,306,340,440,355,415,356,399,294,183,186,179,291,119,303
"Microsporidia","Microsporidia",253,164,176,321,250,146,267,136,133,100,160,356,452,249,259,229,371,44,279,153,142,182,179,256,208,91,59,283,169,293,244,200,316,186,152,93,242,187,258,229,303,162,189,234,91,82,194,115,102,161,80,35,48,52,81,28,26,59
"Mucoromycota","Mucoromycota",1612,946,1047,1357,1440,769,1359,500,799,480,787,1378,1795,1012,900,1014,1889,423,2005,1506,887,1656,1744,1424,1291,502,280,918,621,947,1211,776,1203,968,896,455,1185,996,871,1127,1221,576,702,908,594,716,1090,769,810,832,317,163,148,244,396,285,131,245
"Negarnaviricota","Negarnaviricota",NA,NA,NA,NA,NA,NA,NA,NA,NA,NA,NA,NA,26,NA,NA,NA,NA,NA,NA,NA,NA,NA,NA,NA,NA,NA,NA,NA,NA,NA,31,NA,NA,NA,NA,34,NA,NA,NA,NA,NA,NA,NA,NA,NA,NA,NA,NA,NA,NA,NA,NA,NA,NA,NA,NA,NA,NA
"Nitrospinae","Nitrospinae",273,127,86,222,202,43,129,39,45,25,47,129,123,57,111,67,182,NA,165,48,40,61,107,NA,48,39,27,59,66,49,44,73,89,75,31,NA,67,69,33,112,84,NA,39,45,58,71,89,84,89,88,59,NA,25,33,30,48,NA,51
"Nitrospirae","Nitrospirae",1367,819,609,595,781,471,958,561,673,375,504,979,1257,803,875,803,1032,183,668,598,460,738,815,777,714,313,53,641,627,716,809,632,1009,685,641,529,808,778,999,1018,797,580,638,741,422,404,538,454,491,470,490,279,186,284,184,193,98,318
"Planctomycetes","Planctomycetes",2100,1206,1631,914,1477,852,1664,1314,1244,1012,1131,2012,2529,1771,1595,1898,1320,135,651,567,538,645,810,587,585,335,44,1048,1441,1218,1524,914,1622,1166,1178,867,1391,1257,883,1310,978,488,597,823,478,584,669,685,654,748,697,384,307,370,283,359,159,494
"Proteobacteria","Proteobacteria",274273,241931,190362,130807,248195,150266,226105,146703,115080,110483,117696,225231,252346,185653,193445,165224,126278,16542,56491,49355,59495,67068,87780,43703,61666,35977,5629,145771,173328,166173,164316,170234,209426,142481,166507,143083,203668,155903,159210,171954,145479,87654,107068,137587,86002,115023,105129,98538,106861,105044,72798,30871,27285,39322,28279,39085,19505,50109
"Rhodothermaeota","Rhodothermaeota",107,76,86,58,63,58,96,207,68,130,169,132,108,80,107,125,49,NA,NA,NA,24,NA,NA,NA,NA,NA,NA,91,178,88,128,55,128,89,134,140,143,73,317,105,94,187,236,121,33,35,57,35,42,33,NA,NA,NA,NA,NA,NA,NA,26
"Spirochaetes","Spirochaetes",5614,3051,3437,3709,4176,2626,4444,2156,2515,1468,2226,3995,5072,2881,3162,3012,4625,667,3574,2450,2325,3444,3492,3285,2589,1205,396,2631,2996,2897,3109,2342,3950,2907,2218,1918,3695,3381,3195,3787,2951,1808,2232,2952,1462,1638,2007,1475,1830,1841,1536,683,622,926,588,812,370,1008
"Synergistetes","Synergistetes",1163,590,615,340,588,345,683,220,299,177,267,523,623,309,504,335,580,67,140,248,224,219,359,86,285,150,NA,493,472,571,631,410,716,426,245,199,691,602,498,723,609,268,335,518,274,316,262,308,355,338,337,123,144,253,190,239,87,315
"Tenericutes","Tenericutes",1573,1112,911,1284,1414,825,3886,927,1108,949,813,1745,5319,2427,2245,2905,2166,286,3268,1611,864,1804,1320,1866,999,400,450,659,618,1011,928,759,996,772,1905,716,767,758,545,1039,985,249,462,680,500,516,670,512,447,548,276,376,131,174,143,129,190,141
"Thaumarchaeota","Thaumarchaeota",58,32,29,29,51,NA,32,36,25,NA,31,53,69,47,54,57,148,NA,NA,34,NA,57,85,NA,34,32,NA,31,NA,33,32,29,32,24,57,36,56,58,NA,28,24,NA,NA,28,NA,25,34,29,NA,NA,NA,NA,NA,NA,NA,NA,NA,NA
"Thermodesulfobacteria","Thermodesulfobacteria",63,58,42,81,53,39,69,53,39,NA,35,66,97,60,65,55,83,NA,120,43,28,NA,39,149,34,NA,NA,72,42,60,33,32,115,61,37,27,57,104,105,82,72,63,66,60,NA,NA,37,NA,26,NA,NA,NA,NA,NA,NA,NA,NA,40
"Thermotogae","Thermotogae",910,549,416,843,635,286,532,309,325,309,302,508,805,530,537,511,1212,145,1130,545,496,661,692,771,555,217,156,336,435,373,304,421,515,359,232,344,497,515,303,418,346,206,277,329,377,357,393,369,365,363,148,51,73,95,60,77,51,88
"Verrucomicrobia","Verrucomicrobia",3444,3143,2388,2159,2579,2114,3521,4446,2714,3226,2748,37167,151673,143410,18350,29517,4229431,785693,6541929,8996232,7091323,3470610,3704823,14773918,8972829,240023,823287,119636,79223,136955,156511,350097,27677,56257,104260,611141,2596,18830,24240,4949,14820,102542,89502,44680,37893,64299,61500,78609,62559,89434,84388,103139,13755,16450,59482,15941,20081,9099
"Zoopagomycota","Zoopagomycota",639,286,445,681,620,325,673,206,347,175,355,594,808,334,440,407,696,165,705,528,390,563,585,659,478,187,87,379,238,351,412,346,478,387,379,223,358,441,413,431,502,196,282,311,362,394,542,493,378,534,170,139,88,152,205,130,81,142
