feature	X1CMET2.PWY..N10.formyl.tetrahydrofolate.biosynthesis	X1CMET2.PWY..folate.transformations.III..E..coli.	ALLANTOINDEG.PWY..superpathway.of.allantoin.degradation.in.yeast	ANAEROFRUCAT.PWY..homolactic.fermentation	ANAGLYCOLYSIS.PWY..glycolysis.III..from.glucose.	ARG.POLYAMINE.SYN..superpathway.of.arginine.and.polyamine.biosynthesis	ARGININE.SYN4.PWY..L.ornithine.biosynthesis.II	ARGININE.SYN4.PWY..L.ornithine.de.novo..biosynthesis	ARGORNPROST.PWY..arginine..ornithine.and.proline.interconversion	ARGSYN.PWY..L.arginine.biosynthesis.I..via.L.ornithine.	ARGSYNBSUB.PWY..L.arginine.biosynthesis.II..acetyl.cycle.	ARO.PWY..chorismate.biosynthesis.I	ASPASN.PWY..superpathway.of.L.aspartate.and.L.asparagine.biosynthesis	BIOTIN.BIOSYNTHESIS.PWY..biotin.biosynthesis.I	BRANCHED.CHAIN.AA.SYN.PWY..superpathway.of.branched.amino.acid.biosynthesis	BRANCHED.CHAIN.AA.SYN.PWY..superpathway.of.branched.chain.amino.acid.biosynthesis	CALVIN.PWY..Calvin.Benson.Bassham.cycle	CENTFERM.PWY..pyruvate.fermentation.to.butanoate	CITRULBIO.PWY..L.citrulline.biosynthesis	COA.PWY.1..coenzyme.A.biosynthesis.II..mammalian.	COA.PWY.1..superpathway.of.coenzyme.A.biosynthesis.III..mammals.	COA.PWY..coenzyme.A.biosynthesis.I	COA.PWY..coenzyme.A.biosynthesis.I..prokaryotic.	COBALSYN.PWY..adenosylcobalamin.salvage.from.cobinamide.I	COBALSYN.PWY..superpathway.of.adenosylcobalamin.salvage.from.cobinamide.I	COLANSYN.PWY..colanic.acid.building.blocks.biosynthesis	COMPLETE.ARO.PWY..superpathway.of.aromatic.amino.acid.biosynthesis	CRNFORCAT.PWY..creatinine.degradation.I	DAPLYSINESYN.PWY..L.lysine.biosynthesis.I	DENOVOPURINE2.PWY..superpathway.of.purine.nucleotides.de.novo.biosynthesis.II	DTDPRHAMSYN.PWY..dTDP..beta..L.rhamnose.biosynthesis	DTDPRHAMSYN.PWY..dTDP.L.rhamnose.biosynthesis.I	FAO.PWY..fatty.acid..beta..oxidation.I	FASYN.ELONG.PWY..fatty.acid.elongation....saturated	FASYN.INITIAL.PWY..superpathway.of.fatty.acid.biosynthesis.initiation..E..coli.	FERMENTATION.PWY..mixed.acid.fermentation	FOLSYN.PWY..superpathway.of.tetrahydrofolate.biosynthesis.and.salvage	FUCCAT.PWY..fucose.degradation	GALACT.GLUCUROCAT.PWY..superpathway.of.hexuronide.and.hexuronate.degradation	GALACTARDEG.PWY..D.galactarate.degradation.I	GALACTUROCAT.PWY..D.galacturonate.degradation.I	GLCMANNANAUT.PWY..superpathway.of.N.acetylglucosamine..N.acetylmannosamine.and.N.acetylneuraminate.degradation	GLUCARDEG.PWY..D.glucarate.degradation.I	GLUCARGALACTSUPER.PWY..superpathway.of.D.glucarate.and.D.galactarate.degradation	GLUCONEO.PWY..gluconeogenesis.I	GLUCOSE1PMETAB.PWY..glucose.and.glucose.1.phosphate.degradation	GLUCUROCAT.PWY..superpathway.of..beta..D.glucuronide.and.D.glucuronate.degradation	GLUCUROCAT.PWY..superpathway.of..beta..D.glucuronosides.degradation	GLUDEG.I.PWY..GABA.shunt	GLUTORN.PWY..L.ornithine.biosynthesis	GLUTORN.PWY..L.ornithine.biosynthesis.I	GLYCOCAT.PWY..glycogen.degradation.I	GLYCOCAT.PWY..glycogen.degradation.I..bacterial.	GLYCOGENSYNTH.PWY..glycogen.biosynthesis.I..from.ADP.D.Glucose.	GLYCOLYSIS.E.D..superpathway.of.glycolysis.and.Entner.Doudoroff	GLYCOLYSIS.E.D..superpathway.of.glycolysis.and.the.Entner.Doudoroff.pathway	GLYCOLYSIS.TCA.GLYOX.BYPASS..superpathway.of.glycolysis..pyruvate.dehydrogenase..TCA..and.glyoxylate.bypass	GLYCOLYSIS..glycolysis.I..from.glucose.6.phosphate.	GLYOXYLATE.BYPASS..glyoxylate.cycle	GOLPDLCAT.PWY..superpathway.of.glycerol.degradation.to.1.3.propanediol	HEME.BIOSYNTHESIS.II..heme.b.biosynthesis.I..aerobic.	HEME.BIOSYNTHESIS.II..heme.biosynthesis.I..aerobic.	HEMESYN2.PWY..heme.b.biosynthesis.II..oxygen.independent.	HEMESYN2.PWY..heme.biosynthesis.II..anaerobic.	HEXITOLDEGSUPER.PWY..superpathway.of.hexitol.degradation..bacteria.	HISDEG.PWY..L.histidine.degradation.I	HISTSYN.PWY..L.histidine.biosynthesis	HOMOSER.METSYN.PWY..L.methionine.biosynthesis.I	HSERMETANA.PWY..L.methionine.biosynthesis.III	ILEUSYN.PWY..L.isoleucine.biosynthesis.I..from.threonine.	KETOGLUCONMET.PWY..ketogluconate.metabolism	LACTOSECAT.PWY..lactose.and.galactose.degradation.I	MET.SAM.PWY..superpathway.of.S.adenosyl.L.methionine.biosynthesis	METH.ACETATE.PWY..methanogenesis.from.acetate	METSYN.PWY..L.homoserine.and.L.methionine.biosynthesis	METSYN.PWY..superpathway.of.L.homoserine.and.L.methionine.biosynthesis	NAGLIPASYN.PWY..lipid.IVA.biosynthesis	NAGLIPASYN.PWY..lipid.IVA.biosynthesis..E..coli.	NONMEVIPP.PWY..methylerythritol.phosphate.pathway.I	NONOXIPENT.PWY..pentose.phosphate.pathway..non.oxidative.branch.	NONOXIPENT.PWY..pentose.phosphate.pathway..non.oxidative.branch..I	OANTIGEN.PWY..O.antigen.building.blocks.biosynthesis..E..coli.	P108.PWY..pyruvate.fermentation.to.propanoate.I	P122.PWY..heterolactic.fermentation	P124.PWY..Bifidobacterium.shunt	P161.PWY..acetylene.degradation	P161.PWY..acetylene.degradation..anaerobic.	P162.PWY..L.glutamate.degradation.V..via.hydroxyglutarate.	P164.PWY..purine.nucleobases.degradation.I..anaerobic.	P185.PWY..formaldehyde.assimilation.III..dihydroxyacetone.cycle.	P23.PWY..reductive.TCA.cycle.I	P4.PWY..superpathway.of.L.lysine..L.threonine.and.L.methionine.biosynthesis.I	P41.PWY..pyruvate.fermentation.to.acetate.and..S..lactate.I	P42.PWY..incomplete.reductive.TCA.cycle	P441.PWY..superpathway.of.N.acetylneuraminate.degradation	P461.PWY..hexitol.fermentation.to.lactate..formate..ethanol.and.acetate	P562.PWY..myo.inositol.degradation.I	PANTO.PWY..phosphopantothenate.biosynthesis.I	PANTOSYN.PWY..pantothenate.and.coenzyme.A.biosynthesis.I	PANTOSYN.PWY..superpathway.of.coenzyme.A.biosynthesis.I..bacteria.	PENTOSE.P.PWY..pentose.phosphate.pathway	PEPTIDOGLYCANSYN.PWY..peptidoglycan.biosynthesis.I..meso.diaminopimelate.containing.	PHOSLIPSYN.PWY..superpathway.of.phospholipid.biosynthesis.I..bacteria.	POLYAMINSYN3.PWY..superpathway.of.polyamine.biosynthesis.II	POLYAMSYN.PWY..superpathway.of.polyamine.biosynthesis.I	POLYISOPRENSYN.PWY..polyisoprenoid.biosynthesis..E..coli.	PPGPPMET.PWY..ppGpp.biosynthesis	PPGPPMET.PWY..ppGpp.metabolism	PWY.1042..glycolysis.IV	PWY.1042..glycolysis.IV..plant.cytosol.	PWY.1269..CMP.3.deoxy.D.manno.octulosonate.biosynthesis	PWY.1269..CMP.3.deoxy.D.manno.octulosonate.biosynthesis.I	PWY.1861..formaldehyde.assimilation.II..RuMP.Cycle.	PWY.1861..formaldehyde.assimilation.II..assimilatory.RuMP.Cycle.	PWY.241..C4.photosynthetic.carbon.assimilation.cycle..NADP.ME.type	PWY.2723..trehalose.degradation.V	PWY.2941..L.lysine.biosynthesis.II	PWY.2942..L.lysine.biosynthesis.III	PWY.3001..superpathway.of.L.isoleucine.biosynthesis.I	PWY.3841..folate.transformations.II	PWY.3841..folate.transformations.II..plants.	PWY.4041...gamma..glutamyl.cycle	PWY.4242..pantothenate.and.coenzyme.A.biosynthesis.III	PWY.4321..L.glutamate.degradation.IV	PWY.4702..phytate.degradation.I	PWY.4981..L.proline.biosynthesis.II..from.arginine.	PWY.4984..urea.cycle	PWY.5005..biotin.biosynthesis.II	PWY.5022..4.aminobutanoate.degradation.V	PWY.5030..L.histidine.degradation.III	PWY.5083..NAD.NADH.phosphorylation.and.dephosphorylation	PWY.5097..L.lysine.biosynthesis.VI	PWY.5100..pyruvate.fermentation.to.acetate.and.lactate.II	PWY.5103..L.isoleucine.biosynthesis.III	PWY.5104..L.isoleucine.biosynthesis.IV	PWY.5121..superpathway.of.geranylgeranyl.diphosphate.biosynthesis.II..via.MEP.	PWY.5130..2.oxobutanoate.degradation.I	PWY.5136..fatty.acid..beta..oxidation.II..peroxisome.	PWY.5136..fatty.acid..beta..oxidation.II..plant.peroxisome.	PWY.5154..L.arginine.biosynthesis.III..via.N.acetyl.L.citrulline.	PWY.5173..superpathway.of.acetyl.CoA.biosynthesis	PWY.5177..glutaryl.CoA.degradation	PWY.5188..tetrapyrrole.biosynthesis.I..from.glutamate.	PWY.5189..tetrapyrrole.biosynthesis.II..from.glycine.	PWY.5265..peptidoglycan.biosynthesis.II..staphylococci.	PWY.5345..superpathway.of.L.methionine.biosynthesis..by.sulfhydrylation.	PWY.5347..superpathway.of.L.methionine.biosynthesis..transsulfuration.	PWY.5384..sucrose.degradation.IV..sucrose.phosphorylase.	PWY.5484..glycolysis.II..from.fructose.6.phosphate.	PWY.5497..purine.nucleobases.degradation.II..anaerobic.	PWY.5505..L.glutamate.and.L.glutamine.biosynthesis	PWY.5656..mannosylglycerate.biosynthesis.I	PWY.5659..GDP.mannose.biosynthesis	PWY.5667..CDP.diacylglycerol.biosynthesis.I	PWY.5675..nitrate.reduction.V..assimilatory.	PWY.5676..acetyl.CoA.fermentation.to.butanoate.II	PWY.5686..UMP.biosynthesis	PWY.5686..UMP.biosynthesis.I	PWY.5690..TCA.cycle.II..plants.and.fungi.	PWY.5695..inosine.5..phosphate.degradation	PWY.5695..urate.biosynthesis.inosine.5..phosphate.degradation	PWY.5723..Rubisco.shunt	PWY.5838..superpathway.of.menaquinol.8.biosynthesis.I	PWY.5840..superpathway.of.menaquinol.7.biosynthesis	PWY.5897..superpathway.of.menaquinol.11.biosynthesis	PWY.5898..superpathway.of.menaquinol.12.biosynthesis	PWY.5899..superpathway.of.menaquinol.13.biosynthesis	PWY.5910..superpathway.of.geranylgeranyldiphosphate.biosynthesis.I..via.mevalonate.	PWY.5913..TCA.cycle.VI..obligate.autotrophs.	PWY.5913..partial.TCA.cycle..obligate.autotrophs.	PWY.5918..superpathay.of.heme.biosynthesis.from.glutamate	PWY.5918..superpathway.of.heme.b.biosynthesis.from.glutamate	PWY.5941..glycogen.degradation.II	PWY.5941..glycogen.degradation.II..eukaryotic.	PWY.5973..cis.vaccenate.biosynthesis	PWY.5981..CDP.diacylglycerol.biosynthesis.III	PWY.5989..stearate.biosynthesis.II..bacteria.and.plants.	PWY.6121..5.aminoimidazole.ribonucleotide.biosynthesis.I	PWY.6122..5.aminoimidazole.ribonucleotide.biosynthesis.II	PWY.6123..inosine.5..phosphate.biosynthesis.I	PWY.6124..inosine.5..phosphate.biosynthesis.II	PWY.6125..superpathway.of.guanosine.nucleotides.de.novo.biosynthesis.II	PWY.6126..superpathway.of.adenosine.nucleotides.de.novo.biosynthesis.II	PWY.6143..CMP.pseudaminate.biosynthesis	PWY.6147..6.hydroxymethyl.dihydropterin.diphosphate.biosynthesis.I	PWY.6151..S.adenosyl.L.methionine.cycle.I	PWY.6151..S.adenosyl.L.methionine.salvage.I	PWY.6163..chorismate.biosynthesis.from.3.dehydroquinate	PWY.6168..flavin.biosynthesis.III..fungi.	PWY.621..sucrose.degradation.III..sucrose.invertase.	PWY.6263..superpathway.of.menaquinol.8.biosynthesis.II	PWY.6270..isoprene.biosynthesis.I	PWY.6277..superpathway.of.5.aminoimidazole.ribonucleotide.biosynthesis	PWY.6282..palmitoleate.biosynthesis.I..from..5Z..dodec.5.enoate.	PWY.6292..superpathway.of.L.cysteine.biosynthesis..mammalian.	PWY.6293..superpathway.of.L.cysteine.biosynthesis..fungi.	PWY.6305..putrescine.biosynthesis.IV	PWY.6305..superpathway.of.putrescine.biosynthesis	PWY.6317..D.galactose.degradation.I..Leloir.pathway.	PWY.6317..galactose.degradation.I..Leloir.pathway.	PWY.6353..purine.nucleotides.degradation.II..aerobic.	PWY.6385..peptidoglycan.biosynthesis.III..mycobacteria.	PWY.6386..UDP.N.acetylmuramoyl.pentapeptide.biosynthesis.II..lysine.containing.	PWY.6387..UDP.N.acetylmuramoyl.pentapeptide.biosynthesis.I..meso.diaminopimelate.containing.	PWY.6470..peptidoglycan.biosynthesis.V...beta..lactam.resistance.	PWY.6471..peptidoglycan.biosynthesis.IV..Enterococcus.faecium.	PWY.6507..4.deoxy.L.threo.hex.4.enopyranuronate.degradation	PWY.6519..8.amino.7.oxononanoate.biosynthesis.I	PWY.6527..stachyose.degradation	PWY.6531..mannitol.cycle	PWY.6545..pyrimidine.deoxyribonucleotides.de.novo.biosynthesis.III	PWY.6549..L.glutamine.biosynthesis.III	PWY.6588..pyruvate.fermentation.to.acetone	PWY.6590..superpathway.of.Clostridium.acetobutylicum.acidogenic.fermentation	PWY.6595..superpathway.of.guanosine.nucleotides.degradation..plants.	PWY.6606..guanosine.nucleotides.degradation.II	PWY.6607..guanosine.nucleotides.degradation.I	PWY.6608..guanosine.nucleotides.degradation.III	PWY.6609..adenine.and.adenosine.salvage.III	PWY.6612..superpathway.of.tetrahydrofolate.biosynthesis	PWY.6628..superpathway.of.L.phenylalanine.biosynthesis	PWY.6629..superpathway.of.L.tryptophan.biosynthesis	PWY.6630..superpathway.of.L.tyrosine.biosynthesis	PWY.6700..queuosine.biosynthesis	PWY.6700..queuosine.biosynthesis.I..de.novo.	PWY.6703..preQ0.biosynthesis	PWY.6731..starch.degradation.III	PWY.6737..starch.degradation.V	PWY.6749..CMP.legionaminate.biosynthesis.I	PWY.6803..phosphatidylcholine.acyl.editing	PWY.6823..molybdopterin.biosynthesis	PWY.6859..all.trans.farnesol.biosynthesis	PWY.6892..thiazole.biosynthesis.I..E..coli.	PWY.6897..thiamin.salvage.II	PWY.6897..thiamine.diphosphate.salvage.II	PWY.6901..superpathway.of.glucose.and.xylose.degradation	PWY.6902..chitin.degradation.II..Vibrio.	PWY.6936..seleno.amino.acid.biosynthesis	PWY.6936..seleno.amino.acid.biosynthesis..plants.	PWY.6969..TCA.cycle.V..2.oxoglutarate.synthase.	PWY.6969..TCA.cycle.V..2.oxoglutarate.ferredoxin.oxidoreductase.	PWY.7013..L.1.2.propanediol.degradation	PWY.702..L.methionine.biosynthesis.II	PWY.7111..pyruvate.fermentation.to.isobutanol..engineered.	PWY.7115..C4.photosynthetic.carbon.assimilation.cycle..NAD.ME.type	PWY.7117..C4.photosynthetic.carbon.assimilation.cycle..PEPCK.type	PWY.7184..pyrimidine.deoxyribonucleotides.de.novo.biosynthesis.I	PWY.7187..pyrimidine.deoxyribonucleotides.de.novo.biosynthesis.II	PWY.7197..pyrimidine.deoxyribonucleotide.phosphorylation	PWY.7198..pyrimidine.deoxyribonucleotides.de.novo.biosynthesis.IV	PWY.7199..pyrimidine.deoxyribonucleosides.salvage	PWY.7208..superpathway.of.pyrimidine.nucleobases.salvage	PWY.7209..superpathway.of.pyrimidine.ribonucleosides.degradation	PWY.7211..superpathway.of.pyrimidine.deoxyribonucleotides.de.novo.biosynthesis	PWY.7219..adenosine.ribonucleotides.de.novo.biosynthesis	PWY.7220..adenosine.deoxyribonucleotides.de.novo.biosynthesis.II	PWY.7221..guanosine.ribonucleotides.de.novo.biosynthesis	PWY.7222..guanosine.deoxyribonucleotides.de.novo.biosynthesis.II	PWY.7228..superpathway.of.guanosine.nucleotides.de.novo.biosynthesis.I	PWY.7229..superpathway.of.adenosine.nucleotides.de.novo.biosynthesis.I	PWY.7234..inosine.5..phosphate.biosynthesis.III	PWY.7237..myo...chiro..and.scillo.inositol.degradation	PWY.7237..myo...chiro..and.scyllo.inositol.degradation	PWY.7238..sucrose.biosynthesis.II	PWY.7242..D.fructuronate.degradation	PWY.724..superpathway.of.L.lysine..L.threonine.and.L.methionine.biosynthesis.II	PWY.7254..TCA.cycle.VII..acetate.producers.	PWY.7282..4.amino.2.methyl.5.diphosphomethylpyrimidine.biosynthesis.II	PWY.7282..4.amino.2.methyl.5.phosphomethylpyrimidine.biosynthesis..yeast.	PWY.7315..dTDP.N.acetylthomosamine.biosynthesis	PWY.7316..dTDP.N.acetylviosamine.biosynthesis	PWY.7323..superpathway.of.GDP.mannose.derived.O.antigen.building.blocks.biosynthesis	PWY.7328..superpathway.of.UDP.glucose.derived.O.antigen.building.blocks.biosynthesis	PWY.7332..superpathway.of.UDP.N.acetylglucosamine.derived.O.antigen.building.blocks.biosynthesis	PWY.7345..superpathway.of.anaerobic.sucrose.degradation	PWY.7356..thiamine.diphosphate.salvage.IV..yeast.	PWY.7357..thiamin.formation.from.pyrithiamine.and.oxythiamine..yeast.	PWY.7357..thiamine.phosphate.formation.from.pyrithiamine.and.oxythiamine..yeast.	PWY.7371..1.4.dihydroxy.6.naphthoate.biosynthesis.II	PWY.7383..anaerobic.energy.metabolism..invertebrates..cytosol.	PWY.7388..octanoyl..acyl.carrier.protein..biosynthesis..mitochondria..yeast.	PWY.7392..taxadiene.biosynthesis..engineered.	PWY.7400..L.arginine.biosynthesis.IV..archaebacteria.	PWY.7456...beta...1.4..mannan.degradation	PWY.7456..mannan.degradation	PWY.7539..6.hydroxymethyl.dihydropterin.diphosphate.biosynthesis.III..Chlamydia.	PWY.7560..methylerythritol.phosphate.pathway.II	PWY.7616..methanol.oxidation.to.carbon.dioxide	PWY.7663..gondoate.biosynthesis..anaerobic.	PWY.7664..oleate.biosynthesis.IV..anaerobic.	PWY.7688..dTDP..alpha..D.ravidosamine.and.dTDP.4.acetyl..alpha..D.ravidosamine.biosynthesis	PWY.7761..NAD.salvage.pathway.II..PNC.IV.cycle.	PWY.7790..UMP.biosynthesis.II	PWY.7791..UMP.biosynthesis.III	PWY.7851..coenzyme.A.biosynthesis.II..eukaryotic.	PWY.7883..anhydromuropeptides.recycling.II	PWY.7953..UDP.N.acetylmuramoyl.pentapeptide.biosynthesis.III..meso.diaminopimelate.containing.	PWY.7977..L.methionine.biosynthesis.IV	PWY.8004..Entner.Doudoroff.pathway.I	PWY.801..homocysteine.and.cysteine.interconversion	PWY.8073..lipid.IVA.biosynthesis..P..putida.	PWY.8131..5..deoxyadenosine.degradation.II	PWY.8178..pentose.phosphate.pathway..non.oxidative.branch..II	PWY.8187..L.arginine.degradation.XIII..reductive.Stickland.reaction.	PWY.821..superpathway.of.sulfur.amino.acid.biosynthesis..Saccharomyces.cerevisiae.	PWY.841..superpathway.of.purine.nucleotides.de.novo.biosynthesis.I	PWY.922..mevalonate.pathway.I	PWY.922..mevalonate.pathway.I..eukaryotes.and.bacteria.	PWY.I9..L.cysteine.biosynthesis.VI..from.L.methionine.	PWY0.1061..superpathway.of.L.alanine.biosynthesis	PWY0.1241..ADP.L.glycero..beta..D.manno.heptose.biosynthesis	PWY0.1261..anhydromuropeptides.recycling	PWY0.1261..anhydromuropeptides.recycling.I	PWY0.1296..purine.ribonucleosides.degradation	PWY0.1297..superpathway.of.purine.deoxyribonucleosides.degradation	PWY0.1298..superpathway.of.pyrimidine.deoxyribonucleosides.degradation	PWY0.1319..CDP.diacylglycerol.biosynthesis.II	PWY0.1477..ethanolamine.utilization	PWY0.1479..tRNA.processing	PWY0.1586..peptidoglycan.maturation..meso.diaminopimelate.containing.	PWY0.162..superpathway.of.pyrimidine.ribonucleotides.de.novo.biosynthesis	PWY0.166..superpathway.of.pyrimidine.deoxyribonucleotides.de.novo.biosynthesis..E..coli.	PWY0.781..aspartate.superpathway	PWY0.845..superpathway.of.pyridoxal.5..phosphate.biosynthesis.and.salvage	PWY0.862...5Z..dodec.5.enoate.biosynthesis	PWY0.862...5Z..dodecenoate.biosynthesis.I	PWY1ZNC.1..assimilatory.sulfate.reduction.IV	PWY4FS.7..phosphatidylglycerol.biosynthesis.I..plastidic.	PWY4FS.8..phosphatidylglycerol.biosynthesis.II..non.plastidic.	PWY4LZ.257..superpathway.of.fermentation..Chlamydomonas.reinhardtii.	PWY66.367..ketogenesis	PWY66.391..fatty.acid..beta..oxidation.VI..mammalian.peroxisome.	PWY66.398..TCA.cycle.III..animals.	PWY66.399..gluconeogenesis.III	PWY66.400..glycolysis.VI..metazoan.	PWY66.409..superpathway.of.purine.nucleotide.salvage	PWY66.422..D.galactose.degradation.V..Leloir.pathway.	PWY66.429..fatty.acid.biosynthesis.initiation..mitochondria.	PWYG.321..mycolate.biosynthesis	PYRIDNUCSAL.PWY..NAD.salvage.pathway.I	PYRIDNUCSYN.PWY..NAD.biosynthesis.I..from.aspartate.	PYRIDNUCSYN.PWY..NAD.de.novo.biosynthesis.I..from.aspartate.	PYRIDOXSYN.PWY..pyridoxal.5..phosphate.biosynthesis.I	RHAMCAT.PWY..L.rhamnose.degradation.I	RIBOSYN2.PWY..flavin.biosynthesis.I..bacteria.and.plants.	RUMP.PWY..formaldehyde.oxidation.I	SALVADEHYPOX.PWY..adenosine.nucleotides.degradation.II	SER.GLYSYN.PWY..superpathway.of.L.serine.and.glycine.biosynthesis.I	SO4ASSIM.PWY..assimilatory.sulfate.reduction.I	SO4ASSIM.PWY..sulfate.reduction.I..assimilatory.	SULFATE.CYS.PWY..superpathway.of.sulfate.assimilation.and.cysteine.biosynthesis	TCA.GLYOX.BYPASS..superpathway.of.glyoxylate.bypass.and.TCA	TCA..TCA.cycle.I..prokaryotic.	TEICHOICACID.PWY..teichoic.acid..poly.glycerol..biosynthesis	THISYN.PWY..superpathway.of.thiamin.diphosphate.biosynthesis.I	THISYNARA.PWY..superpathway.of.thiamin.diphosphate.biosynthesis.III..eukaryotes.	THISYNARA.PWY..superpathway.of.thiamine.diphosphate.biosynthesis.III..eukaryotes.	THRESYN.PWY..superpathway.of.L.threonine.biosynthesis	TRNA.CHARGING.PWY..tRNA.charging	TRPSYN.PWY..L.tryptophan.biosynthesis	UDPNAGSYN.PWY..UDP.N.acetyl.D.glucosamine.biosynthesis.I	VALSYN.PWY..L.valine.biosynthesis
HG0001_9876	204.992	0	0	67.4128	228.74	3.13219	0	9.12331	2.2998	463.809	452.956	387.023	36.4914	13.3585	247.418	0	155.74	20.1138	2.48819	348.714	0	177.516	0	3.57314	0	22.8689	374.199	0	6.45563	138.344	0	532.452	5.98845	18.1488	12.4049	12.7391	0	2.04931	19.4994	1.58752	25.1044	9.20208	1.57806	1.58752	177.827	0	17.9735	0	9.17811	376.495	0	0	0	58.3628	0	0	0	225.446	1.17235	7.07408	0	8.67948	0	0	37.1315	24.6885	162.575	9.97215	99.6926	617.899	0.756787	17.32	19.2896	16.0095	19.4263	0	5.42341	0	0	50.3453	0	109.221	14.2162	5.30015	24.3438	1.90083	0	2.46069	15.2484	0	0	0	0	1.32015	0	27.4984	1.72205	147.89	152.239	0	24.3715	432.294	34.2381	0	1.63161	0	2.77761	0	0	437.377	0	18.0223	3.16861	0	5.3844	0	110.22	364.915	114.978	334.784	0	5.52755	176.878	10.6577	0	49.673	0	5.41698	6.38309	6.77399	1.45928	367.088	100.153	206.825	94.9384	0	0	4.09687	0	16.3313	5.49021	17.2332	47.469	0	0	5.11688	20.5127	9.58545	181.591	0	10.4686	0	19.5011	387.381	7.58563	1.14478	426.977	0	11.9819	0	91.7747	0	0	0	0	0	0	4.48067	10.1769	0	0	0	0	6.6391	112.46	0	10.6811	539.578	609.638	205.958	184.621	105.058	231.57	6.7572	13.6469	470.455	0	407.826	61.8172	6.01234	0	0	609.638	14.2062	0	0	2.31724	0	0	174.879	19.6878	432.294	437.28	448.514	0	0	21.7901	10.9153	179.726	0	31.6164	13.4627	0	24.4686	16.6347	15.2416	0	17.7353	678.527	0	0	0	0	301.155	0	61.8346	0	567.957	2.89977	1.87164	0	10.4511	33.1239	51.5981	0	44.6122	0	15.7476	0	0	0	4.50252	0	617.899	2.1016	5.28525	70.6021	99.3829	47.9017	8.30167	286.655	81.5116	2.87059	0	473.823	174.77	223.996	174.77	95.9145	254.957	44.3411	33.5945	0	0	21.8425	152.015	0	0	0	42.7234	0	16.3353	0	5.1244	0	0	52.4645	0	0	37.2756	11.4589	0	463.738	0	18.2788	13.7332	0	0	94.1713	16.3469	0	0	0	0	0	0	0	0	0	0	0	0	0	0	3.57446	137.125	3.76704	0	0	2.43705	16.0153	0	0	553.319	2.92963	2.09261	387.381	0	3.01613	18.5692	50.2823	97.0008	0	0	14.4359	0	0	33.0035	33.0035	2.30608	0	0	0	39.6621	224.087	0	174.879	0	16.666	2.62341	177.886	0	0	28.4139	170.596	0	15.2678	43.9968	0	1.92378	4.12214	0	19.7576	4.85715	57.8924	48.1338	0	82.5922	417.437	152.031	103.199	617.899
HG0001_9877	254.207	0	0	107.593	243.525	8.67286	0	11.6853	4.08437	398.882	388.825	346.832	54.991	4.46618	283.774	0	164.414	19.3341	3.26949	305.176	0	201.089	0	0	0	19.3266	329.243	1.85124	12.1752	131.886	0	503.909	8.58868	4.46447	2.83895	6.69998	7.28479	4.97656	16.0747	1.13753	22.7149	2.57681	1.13772	1.13753	197.429	4.79975	16.1578	0	10.8015	323.151	0	0	9.53362	71.702	17.5661	0	3.52752	228.692	1.20431	3.57098	0	14.3843	0	0	36.5093	49.4662	169.155	12.7145	131.61	540.724	1.40198	38.2828	24.6359	28.6911	24.5491	0	11.1274	0	0	51.8366	0	128.182	11.7439	0	25.8378	0	0	3.44979	14.4444	0	0	0	0	0	0	20.8878	2.67987	172.118	178.218	0	19.4942	371.323	25.967	0	4.52523	0	2.97203	0	0	439.539	0	11.5097	0	0	4.42579	4.90286	96.3256	355.639	113.203	370.306	0	9.57134	207.673	12.5945	0	37.1991	0	3.58242	7.90788	15.8037	2.58541	350.047	94.8869	245.463	101.66	0	0	6.79684	0	31.8566	0	16.2992	40.1138	0	0	9.66346	26.3405	10.037	192.253	0	13.4739	0	16.5227	345.942	0	4.64936	443.676	0	19.4743	0	153.286	0	0	0	0	0	0	5.02569	3.87271	0	0	0	0	12.4729	123.144	0	3.19297	440.096	512.541	219.471	199.182	97.7687	232.427	14.3624	18.5488	442.164	0	370.374	63.7131	6.48927	0	0	512.541	3.37944	0	0	4.79042	0	0	191.366	15.1389	371.323	373.91	390.577	5.49116	25.8431	19.6939	3.54797	212.903	0	38.8225	11.2811	6.25255	23.513	16.635	15.0035	0	17.083	589.494	4.88683	0	0	0	289.512	0	91.6779	5.02092	497.921	2.51558	0.504561	0	8.7716	42.5661	49.5558	0	36.398	0	21.6245	0	0	0	0	0	540.724	0	4.79368	65.8731	93.1864	43.0431	4.82717	283.52	72.546	2.93765	0	465.95	190.305	234.891	190.305	89.7585	257.074	76.3115	30.0786	0	0	19.769	136.254	2.03546	0	20.564	60.2501	0	13.163	6.0366	3.48023	0	0	46.5721	0	0	24.3873	2.64514	0	398.929	0	15.6448	18.5701	0	0	103.789	3.93085	0	0	0	0	0	0	0	0	0	0	0	0	0	0	5.25558	131.151	4.4894	0	0	0	14.3837	21.1689	0	480.34	0	0	345.942	0	10.6701	12.7053	34.3067	92.5355	0	12.4986	3.39051	0	0	32.487	32.487	0	1.04829	0	3.61996	40.6467	232.308	0	191.366	0	4.06822	1.97564	177.714	0	10.1943	38.7713	187.351	0	14.5038	53.9271	0	3.68421	7.58157	1.87177	29.812	0	68.9154	56.4422	0	79.3919	410.386	130.561	110.858	540.724
HG0001_9878	175.949	0	0	73.2151	221.553	0	0	12.538	3.0598	414.109	399.461	375.172	44.4827	0	280.541	0	137.017	18.1128	2.23688	340.615	0	204.53	0	0	0	19.0756	361.628	0	4.56855	147.446	0	517.074	10.4304	0	0	8.91206	11.4778	4.26483	20.4304	0	26.9522	1.92506	0	0	170.293	3.2363	18.7822	0	10.7361	338.32	0	0	2.59289	72.1679	10.7927	0	5.59763	202.859	2.6854	4.71329	0	11.2021	0	0	26.5611	39.0126	166.28	11.7968	128.99	563.242	0	23.7398	22.8508	18.3048	22.8327	0	7.32763	0	0	46.4194	0	112.105	11.788	0	23.2463	0	0	4.82589	15.9895	0	0	5.46176	0	2.25473	0	16.0481	0	137.093	159.515	0	22.7103	404.481	25.5298	0	0	4.76862	3.29298	0	0	408.524	0	16.3568	0	0	6.57469	1.29413	86.3305	339.531	108.06	322.996	0	6.89623	208.51	12.2784	0	42.7454	0	2.85112	9.14955	18.2863	0.633591	342.826	87.2886	240.232	68.3323	0	0	9.3031	0	26.5776	0	19.326	45.368	0	0	4.16944	24.2555	4.59821	170.999	0	12.5902	2.08521	18.625	339.782	1.75945	4.39988	375.72	0	10.9149	0	163.094	0	0	0	0	0	0	5.44592	6.19369	0	5.75081	0	0	14.452	134.656	0	0	492.698	536.681	225.846	203.949	111.545	229.1	5.1443	27.0552	444.243	0	398.047	42.0373	2.24476	7.48323	0	536.681	0	0	0	0	0	0	162.832	23.3718	404.481	402.547	426.228	0	0	23.3023	0	166.049	1.23808	43.3216	9.61888	0	21.9982	20.1838	18.5304	0	21.575	651.445	7.71961	5.72951	0	0	276.678	0	77.285	0	559.509	0	1.98596	0	9.66696	30.7592	49.069	0	41.6538	0	19.9792	0	0	7.67149	1.00727	0	563.242	0	6.52844	78.112	107.116	53.7423	7.8765	275.007	88.7888	6.57531	0	439.066	187.283	202.983	187.283	102.844	252.677	53.782	28.8353	0	0	23.3724	146.628	3.00984	0	0	78.5989	0	13.1238	1.62303	0	0	0	47.6458	0	0	29.0245	0	0	414.86	0	17.6146	27.2982	0	0	113.977	0	0	0	0	0	0	0	0	0	0	0	0	0	0	0	3.06937	146.722	4.84686	0	0	0	18.5497	12.6199	0	507.561	0	1.98243	339.782	0	0	11.668	36.18	105.547	5.7181	0	0	0	0	28.9234	28.9234	0	0	0	0	38.6709	201.332	0	162.832	0	0	0	185.356	0	0	23.812	164.119	0	18.3804	44.2357	0	1.54997	3.35922	3.36417	18.5173	3.88776	57.0729	37.4162	0	75.3128	398.343	154.888	105.418	563.242
HG0001_9879	334.862	0	0	134.644	239.936	0	0	12.4738	0	245.565	224.997	211.465	93.0011	6.1706	332.291	0	116.815	17.6608	0	321.129	0	298.578	0	0	0	21.0091	197.467	0	11.975	211.448	0	428.948	6.96586	6.00924	3.8188	21.2141	13.2185	2.84463	16.068	0	24.5168	10.2287	0	0	215.445	0	13.1893	0	6.59232	133.092	0	0	0	41.9837	24.8141	0	0	184.363	0.568151	4.01404	0	0	0	2.4306	46.1339	141.853	175.481	6.40056	220.517	429.551	0	97.2027	12.733	13.8445	12.5577	0	5.32615	0	0	42.7213	0	183.097	16.3509	0	19.5184	0	0	0	7.83895	0	0	9.44106	0	0	0	14.1381	4.61346	302.691	292.566	0	17.7325	331.083	12.8266	0	3.23569	5.47088	7.77997	0	0	367.143	0	13.0372	4.32773	0	10.8007	0	156.711	313.189	180.207	448.954	0	15.1581	295.385	5.84021	2.59937	84.6311	0	3.29344	5.5597	21.2439	4.45232	307.389	108.917	312.731	44.0817	0	0	6.60369	0	52.0049	0	15.1702	46.1927	0	0	0	14.2433	7.39568	177.311	0	9.24103	0	18.2699	194.094	0	4.23869	430.996	0	27.7982	0	256.48	0	0	0	0	0	0	3.15628	17.6087	0	0	0	0	10.0206	171.608	0	4.34578	349.445	420.08	335.1	318.481	177.613	191.196	9.488	11.266	318.124	0	240.778	94.3015	5.43547	0	0	420.08	4.54548	0	0	3.90257	0	0	171.499	7.46595	260.751	257.675	318.492	0	0	7.71787	4.94228	217.761	0	27.6164	14.7574	0	21.7549	7.15822	6.91333	0	8.68024	430.875	8.94683	7.94635	14.7836	7.83717	362.433	0	179.768	0	270.683	0	0	0	6.43242	35.7569	43.9922	0	32.7553	0	13.3811	0	0	0	0	0	429.551	3.99096	10.3583	155.826	152.875	107.071	7.89208	144.515	162.925	0	0	446.998	132.826	387.413	132.826	203.797	225.216	190.975	27.139	0	0	11.7754	227.483	0	0	0	47.7158	1.47902	14.8254	0	0	0	0	37.6707	0	0	16.7703	3.55684	0	246.187	0	16.4595	11.2929	0	0	148.874	5.28716	0	0	0	0	0	0	0	0	0	0	0	0	0	0	0	237.56	2.73327	0	0	4.58636	11.4398	20.8502	0	271.059	0	0	194.094	0	7.29265	18.4126	80.2682	173.232	9.62255	0	4.55705	0	0	7.65967	7.65967	0	0	0	0	42.3646	185.813	0	171.499	0	5.47015	0	215.724	0	0	48.9613	205.627	0	4.06768	44.1077	0	0	0	0	38.9728	4.3434	70.4768	48.1035	0	135.983	444.697	60.6129	165.261	429.551
HG0001_9880	200.905	0	0	78.1831	182.865	8.288	0	20.1109	0	382.698	376.697	324.706	38.9455	9.70242	255.665	0	166.123	2.35504	2.74337	266.612	0	156.73	0	0	0	27.2986	316.485	0	6.73667	150.328	0	500.704	1.86345	9.84758	6.41014	2.76302	0	7.30842	19.1448	1.88756	20.3278	10.35	1.82537	1.88756	161.576	3.36354	17.367	0	2.72362	320.441	0	0	0	42.1825	5.29507	0	3.57674	159.325	1.09045	0	0	8.33131	0	0	17.5241	39.1072	152.425	1.90148	128.675	568.371	0	28.6565	3.05387	15.0041	3.78222	0	7.97254	0	0	58.8307	0	87.8178	11.1303	0	0	0	0	0	16.4879	0	0	0	0	0	0	9.83501	7.08476	146.081	145.701	0	8.92005	341.91	17.1163	0	5.43144	0	2.33439	0	0	357.671	0	12.6641	0	0	1.66312	0	79.2434	330.358	127.018	350.854	0	8.9669	156.035	0	0	40.6211	0	2.48732	2.51789	22.762	2.2307	330.558	60.0947	216.688	67.0299	0	0	1.6343	0	36.8977	1.47842	1.45173	35.8023	0	0	0	4.36789	0	136.315	0	17.1207	0	25.483	307.926	0	5.07377	405.015	0	16.8519	0	96.6094	0	6.32319	10.3323	9.64211	9.64211	9.64211	0	1.46376	0	0	0	0	20.0697	122.987	0	6.79185	439.391	479.307	212.583	193.327	117.579	210.249	3.40004	33.2404	425.895	0	335.893	51.7347	0	0	0	479.307	7.53797	0	0	5.74893	0	0	147.554	21.1566	341.91	342.167	367.813	0	0	15.1045	7.92031	149.263	0	42.4284	3.76967	2.05861	2.99413	0	10.1984	0	21.3619	564.646	0	4.95081	8.29292	4.90734	280.901	0	70.0476	0	492.373	0	0	0	0	63.898	46.16	0	17.1347	0	9.51855	0	0	0	0	0	568.371	1.70844	1.81652	84.2484	103.736	57.315	18.1036	270.15	98.7283	0	0	417.609	154.973	213.935	154.973	113.721	226.725	48.4102	35.9579	0	0	16.0493	144.345	9.20124	0	7.9749	24.8076	0	22.3157	0	3.40014	0	0	42.4843	0	0	26.9626	5.953	0	382.6	0	17.84	33.5624	0	0	103.225	8.73555	0	0	0	0	0	0	0	0	0	0	0	0	0	0	0	154.642	0	0	0	2.6614	12.6989	28.6694	0	441.489	0	0	307.926	0	6.38692	10.2385	51.3689	104.784	0	3.75435	7.5924	0	0	10.2791	10.2791	0	0	0	0	30.9819	158.365	0	147.554	0	8.99239	5.68899	198.94	0	3.02271	39.8772	160.42	0	18.4793	47.3197	0	0	0	2.25047	26.2398	0	69.5584	33.7414	0	92.6659	377.538	144.066	93.4561	568.371
HG0001_9881	191.311	0	0	88.5958	161.124	0	0	20.2284	3.21227	342.346	323.355	296.827	50.6937	0	244.778	0	140.411	6.84133	3.1964	272.53	0	155.921	0	0	0	23.5316	286.261	0	7.90948	148.582	0	463.156	3.75435	0	0	8.6765	0	3.15717	17.5692	0	16.0491	3.7268	0	0	151.346	0	17.5039	0	3.50556	270.566	0	0	0	47.8291	8.54677	0	0	143.365	0	0	0	14.0355	0	0	13.2908	54.6801	143.809	5.61163	123.408	499.682	2.09525	20.117	9.96668	16.5594	11.0219	0	5.37788	0	0	46.0967	0	82.3469	3.7384	0	0	0	0	0	25.4963	0	0	0	0	0	0	5.58595	4.39046	139.655	145.791	0	7.94556	319.145	12.9033	0	3.0804	0	5.57117	0	0	387.356	0	18.1448	0	0	0	0	59.7164	291.156	109.05	313.165	0	12.5293	160.76	0	0	54.869	1.98947	0	3.31659	20.8095	1.50355	296.627	67.9671	209.694	48.5854	0	0	3.176	0	34.4294	0	4.67851	31.3884	0	0	14.9537	12.3578	2.49497	118.612	0	17.6458	0	19.1946	315.172	0	7.63123	353.365	0	21.3678	0	137.551	0	0	0	0	0	0	0	4.93709	0	0	0	0	25.775	136.218	0	0	406.746	466.131	182.713	165.865	120.1	202.5	13.2381	27.0036	388.457	0	314.179	57.2451	5.79905	0	0	466.131	0	0	0	2.54167	0	0	136.628	39.4989	316.589	316.335	334.847	0	0	7.01745	0	137.737	1.11549	24.2912	11.0396	0	8.55262	0	20.8575	0	32.4989	533.678	0	0	0	0	268.845	0	86.6863	0	457.333	2.87842	0	0	2.01407	52.2053	33.0502	0	15.2665	0	16.5271	0	0	0	0	0	499.682	0	0	79.2096	99.2855	54.2654	0	240.583	99.9427	3.10057	0	393.506	161.305	213.039	161.305	112.388	223.012	43.9455	40.9871	0	0	14.7292	126.633	5.41439	0	9.21417	44.5562	0	18.1761	0	0	0	0	30.3323	0	0	24.8291	0	0	343.69	0	15.6932	27.0899	0	0	116.185	0	0	0	0	0	0	0	0	0	0	0	0	0	0	0	3.89497	148.641	0	0	0	0	9.58082	13.6919	0	392.241	0	0	315.172	0	0	6.85302	42.5716	97.3978	0	4.89954	0	0	0	7.73707	7.73707	0	0	0	2.27229	33.3791	148.641	0	136.628	0	0	0	183.893	0	3.93029	33.3481	167.668	0	28.1775	60.6095	0	6.41386	12.7307	0	30.8928	0	54.0674	33.7682	0	77.9384	359.664	121.885	57.7379	499.682
Stahl_12	0	251.011	1.54033	193.144	415.988	0	5.56435	0	0	273.307	243.514	229.005	112.862	0	0	340.46	122.844	21.2298	1.82611	0	284.919	0	319.097	0	0	141.304	199.283	0	33.805	0	544.278	0	0	0	0	9.7607	0	4.98533	16.0795	4.24441	20.6285	90.1334	4.34017	4.24441	303.834	117.032	0	19.4702	23.6028	0	171.567	113.886	0	336.192	0	13.2972	0	371.059	0	11.2419	7.14308	0	6.61924	0	0	149.947	208.44	1.32933	190.963	363.395	0	167.356	2.64314	3.24428	0	2.31938	0	5.65941	281.582	0	50.1723	310.238	0	4.94093	62.8188	0	2.93268	0	11.6217	2.39462	0	0	316.877	16.9815	11.0047	5.54914	0	279.859	0	288.68	54.1387	380.714	19.3942	0	0	38.3505	0	12.358	392.192	0	12.8072	0	0	53.902	7.90602	0	237.42	307.404	93.8626	0	543.764	22.0273	0	0	0	0	1.52315	0	9.37103	17.6416	0	303.998	316.877	320.385	0	63.317	5.76498	0	9.48861	28.0128	0	0	25.9476	2.79676	21.2962	5.4869	2.63675	58.2302	358.069	0	7.46209	0	114.319	231.091	0	1.65834	0	529.442	4.43358	375.538	0	0	0	0	0	0	0	26.9706	0	13.0961	0	5.30489	288.67	0	208.531	189.661	0	370.762	443.366	422.001	413.984	232.496	306.529	3.35273	25.3063	0	332.616	231.505	0	1.97214	0	210.274	443.366	0	32.6039	12.4569	0	0.998765	219.691	0	5.92817	310.781	325.035	362.703	14.9835	0	13.3388	0	233.252	0	28.5399	12.2658	0.879164	27.6864	3.96009	12.1314	2.96908	12.3812	421.754	0	18.7954	0	20.8848	0	372.012	189.875	5.43323	0	3.61014	0	48.3375	22.8553	0	0	67.0997	95.5136	2.8444	0	84.0006	19.3169	0	0	9.70404	163.696	0	9.13827	30.0487	0	136.953	43.8039	287.756	215.123	0	0	0	177.673	476.211	177.673	265.13	390.657	138.868	0	19.2618	395.219	21.3677	197.885	1.59646	11.7092	0	23.0172	2.01421	38.6131	116.33	0	7.46764	16.6324	0	56.706	1.64105	29.2014	0	45.9733	140.897	88.234	0	0	200.841	0	185.816	0	0	1.72757	529.442	529.442	259.189	4.00916	291.693	218.065	75.2043	7.63498	5.65941	2.82156	61.8109	121.203	0	310.84	0	32.6302	38.2885	0	7.91509	0	5.00947	303.297	8.60139	3.64421	231.091	2.93268	2.63627	62.5585	41.8092	32.6524	0	5.62673	0	0	5.23143	64.8882	64.8882	3.61579	0	0	0	57.0001	0	23.38	0	202.826	0	0	0	224.361	4.60842	27.9885	85.0258	0	2.96974	37.6849	2.0366	0	4.33675	0	2.80353	0	0	0	42.3173	115.333	546.585	0	318.362	440.382
Stahl_13	0	258.275	3.81029	92.2433	379.406	3.7457	10.2417	0	0	259.643	257.71	205.083	130.057	0	0	315.506	166.079	26.3663	2.68899	0	285.547	0	341.531	0	6.70528	89.593	164.295	0	19.4317	0	471.465	0	0	0	0	22.6256	5.82177	3.76922	25.1186	4.01822	36.2182	99.2093	3.97243	4.01822	266.47	0	0	31.3681	13.1731	0	158.279	49.1513	0	355.219	0	19.3446	0	338.539	0	11.3988	47.6001	0	22.3852	0	2.07659	119.449	187.902	0	173.478	333.926	1.14652	178.223	0	5.77872	0	0	0	2.74839	242.56	0	66.8404	312.728	0	0	29.0226	0	1.82579	0	8.45215	1.63774	0	0	219.886	15.2647	7.23837	14.8384	0	256.91	0	280.405	75.6963	370.408	26.3842	1.93671	1.90965	27.0869	0	10.6214	366.254	0	12.282	0	0	13.5328	8.89805	0	230.29	320.12	135.329	0	501.521	22.7898	0	0	0	0	2.24459	0	8.82544	15.9921	0	317.698	219.886	302.863	0	47.2318	14.0014	0	6.07244	27.0974	0	0	57.5283	0	0	9.00612	0	56.4346	325.735	3.84211	12.6493	0	56.7583	248.934	0	2.8691	0	489.866	8.56692	393.628	0	9.57819	0	0	0	0	0	17.5443	0	29.761	0	0	204.951	0	232.332	222.195	0	338.001	372.704	332.843	320.98	220.3	282.701	1.30185	27.0935	0	331.78	224.515	0	0	0	201.938	372.704	0	16.0592	13.1727	0	1.65532	190.244	0	5.72298	317.547	323.158	355.054	0	0	31.4833	0	251.624	0	21.6098	23.5803	0	33.8356	3.97569	10.8046	3.02943	11.0393	441.131	3.90328	10.1727	0	10.0502	0	301.834	162.406	19.9045	0	2.59272	0	73.0058	14.94	0	0	41.3161	124.848	3.62472	0	95.2628	16.941	0	0	19.2743	99.5869	0	10.2979	21.9614	0	147.889	8.02713	196.395	215.249	0	0	0	166.967	420.295	166.967	246.73	346.733	137.748	0	33.7599	212.061	31.9386	162.48	0	11.7674	0	30.5369	10.2614	38.6115	127.913	0	0	22.1018	0	35.6888	0	43.0614	0	30.9459	92.7383	49.0642	0	0	194.672	0	207.886	0	4.05245	7.57544	489.866	489.866	268.532	0	295.831	216.71	60.6139	8.1219	2.74839	4.89283	91.6532	87.6127	0	280.112	0	20.2982	20.1216	0	34.733	0	5.07266	279.098	7.05821	2.77402	248.934	5.39228	0	49.0879	53.203	24.158	0	6.57682	0	0	0	57.3238	57.3238	2.25222	0	0	0	83.9825	0	19.3109	0	241.087	0	0	0	230.149	5.34508	55.3662	84.0198	0	2.88851	131.122	3.39579	0	7.15539	0	0	0	0	0	25.9048	99.8689	497.318	0	289.232	382.39
Stahl_14	0	279.84	0	213.594	478.938	0	9.61102	0	0	262.204	226.544	242.61	118.703	1.64562	0	313.642	116.027	13.441	0	0	390.089	0	403.35	0	1.92481	132.554	208.494	0	32.6437	0	624.465	0	0	1.57374	0	5.24628	0	12.2815	8.64707	1.92067	14.6643	102.095	1.91252	1.92067	358.855	0	0	14.0095	44.743	0	154.37	123.095	0	247.91	0	16.4697	0	445.054	0	1.12571	3.0888	0	3.08552	0	0	153.648	217.9	0	201.03	334.776	0	229.584	0	0	0	0	0	7.79881	286.908	0	45.5377	403.26	4.0825	0	65.4915	0	0	0	8.43535	1.3542	2.84978	0	423.272	14.2857	0	0	0	297.298	0	339.999	57.0021	436.054	13.4566	0	0	74.4926	0	5.97921	425.561	0	8.44125	0	0	49.8642	2.56409	0	332.811	358.763	56.9465	0	621.247	13.0295	0	0	0	0	0	0	8.27964	21.7372	0	365.824	423.272	293.838	0	103.567	8.54205	0	1.48769	50.5241	0	0	25.4454	1.1949	0	0	0	90.5993	436.983	0	10.688	0	88.946	248.1	0	1.37008	0	594.581	0	430.402	0	0	0	0	0	0	0	53.5374	0	4.52899	0	2.36109	308.645	0	228.144	253.254	1.17049	392.156	422.292	448.314	440.474	268.677	348.053	1.33919	52.0851	0	448.126	250.833	0	0	0	254.689	422.292	1.1824	58.1373	3.23193	0	0	250.451	0	0	393.076	433.743	418.034	0	0	11.1953	1.40132	283.455	0	73.5205	4.23016	0	17.729	0	9.80454	0	9.85889	423.859	0	8.00119	0	9.2452	0	378.127	208.469	2.48419	0	0	0	54.4182	46.7172	0	0	93.7237	98.4258	3.78234	0	168.991	18.5297	0	0	1.99596	215.015	0	3.04912	88.7375	0	171.811	23.4622	239.185	250.717	0	0	0	204.55	581.166	204.55	306	439.043	181	0	16.9255	349.159	11.2174	209.674	0	38.2796	0	4.22081	0.855167	27.1868	88.0529	0	0	7.18957	0	78.2755	0	41.9551	0	83.6942	184.503	80.736	0	0	248.338	0	205.775	1.37846	0	3.43801	594.581	594.581	363.927	4.66764	376.058	238.432	130.239	1.94956	7.79881	0	57.19	111.428	0	342.643	0	65.494	74.9632	0	10.5925	0	5.6778	309.254	17.3348	0	248.1	1.18314	7.40584	109.398	69.7195	94.8524	0	22.2859	0	1.18277	2.2781	98.7601	98.7601	0	0	0	0	75.9617	0	45.7258	0	176.217	0	0	0	281.282	18.4553	29.199	104.252	2.2736	0	25.2206	0	0	0	0	0	0	0	0	65.4552	127.266	602.126	0	382.502	415.414
Stahl_15	0	255.787	0	171.105	443.909	0	9.44424	0	0	271.924	247.353	218.353	146.08	0	0	304.098	186.162	23.2472	2.88052	0	323.227	0	370.434	0	7.16393	145.223	191.769	0	37.5765	0	540.004	0	0	0	0	18.6896	9.0369	13.1938	28.7751	7.3921	31.476	73.1562	7.78953	7.3921	302.915	0	0	33.7078	27.8561	0	162.831	97.7948	0	293.62	0	14.3232	0	408.911	0	1.78	15.1272	0	4.11051	0	0	118.991	183.937	1.45597	157.388	324.384	0	209.036	2.90009	5.01528	0	2.53985	0	6.15306	256.758	0	83.924	360.08	4.80958	0	67.9381	0	2.72237	0	10.3039	2.65661	3.3475	0	324.32	22.5271	10.2558	5.85982	0	270.33	0	297.27	92.0706	415.762	25.5857	0	0	55.8183	0	15.0337	402.751	0	12.9215	0	0	57.3897	7.70472	0	288.371	367.732	109.946	0	555.065	32.9742	0	0	0	0	0	0	9.30582	24.7378	0	369.676	324.32	289.826	0	83.1598	14.6435	0	7.71957	36.7279	0	0	43.2216	0	13.8888	5.39721	2.88596	66.6241	398.088	0	11.6689	0	107.215	274.418	1.02301	2.65082	0	529.277	7.43791	418.957	0	6.126	0	0	0	0	0	39.4167	0	25.1771	0	0	278.873	0	261.789	263.729	0	350.005	427.839	387.664	384.224	209.762	277.465	0	41.8265	0	345.416	218.154	0	0	0	227.379	427.839	0	47.9757	16.7115	0	2.3849	238.961	0	0	375.038	409.219	397.424	16.4093	0	24.8871	0	296.925	0	50.6464	19.8592	0	30.2673	0	11.4309	0	11.5356	410.503	6.07707	12.6032	0	13.7176	0	290.968	154.624	13.1669	0	3.63362	0	73.5091	33.1304	0	0	78.3438	149.111	4.23323	0	152.474	26.5822	0	0	13.1305	166.927	0	8.99569	53.7104	0	134.117	25.616	243.107	198.231	0	3.68987	0	155.259	503.727	155.259	241.222	358.625	163.089	0	30.4178	310.788	48.303	182.42	0	29.3636	0	18.5115	6.71427	37.6487	119.626	0	0	15.0196	0	67.4502	2.11703	67.5345	0	62.1878	161.904	75.2196	0	0	219.954	0	239.637	0	2.50106	4.31793	529.277	529.277	303.638	4.59539	362.118	207.212	87.64	10.42	6.15306	0	104.583	119.134	0	285.27	0	47.5227	49.7158	0	18.1198	0	5.76257	305.876	17.056	4.07304	274.418	5.09875	4.68655	88.8467	86.2684	58.2536	0	16.854	0	0	4.38893	82.2107	82.2107	3.35037	0	1.29283	0	96.0671	0	44.3027	0	238.862	0	0	0	271.271	13.7458	58.5373	89.9878	3.22723	0	50.5729	2.00573	0	4.32342	0	0	0	0	0	53.633	108.758	571.559	0	346.996	382.68
Stahl_16	0	205.993	3.08471	181.626	432.03	0	13.0305	0	0	298.517	281.988	209.693	106.422	0	0	304.739	178.313	31.6926	0	0	327.153	0	360.114	0	15.1056	109.352	176.784	1.07101	20.5802	0	528.889	0	0	0	0	55.3607	19.9329	5.59346	17.5309	0	19.1649	92.0734	0	0	266.129	0	0	30.7188	30.1263	0	187.207	108.147	0	371.48	0	24.024	0	396.424	0	6.80889	18.5652	0	17.6615	0	0	79.9591	192.799	0	140.559	325.915	0	253.388	0	13.3857	0	0	0	13.0284	252.229	0	75.6754	382.968	0	0	68.7918	0	0	0	12.777	1.16346	0	0	343.369	9.67793	0	15.5079	0	185.839	0	234.044	85.5392	412.788	20.3805	0	0	59.026	0	8.11204	409.261	0	12.1378	0	0	45.3047	0	0	285.905	353.52	139.4	0	528.551	21.6434	0	0	0	0	0	0	12.8133	12.6772	0	353.831	343.369	286.954	0	81.2086	4.62974	0	15.1913	41.0207	0	0	52.9673	0	13.3996	6.20752	0	91.9084	382.353	0	15.8873	0	70.4638	288.9	0	5.23257	0	527.124	9.61393	422.438	0	0	0	0	0	0	0	39.9137	0	56.726	0	0	311.196	0	200.002	281.524	0	363.004	393.258	328.835	316.046	159.738	216.184	6.1015	48.6487	0	396.638	231.13	0	2.39946	0	231.453	393.258	0	41.3171	17.1197	0	2.12675	237.998	0	11.5847	361.811	407.2	397.134	12.6832	0	16.2437	0	360.281	0	45.3315	46.606	0	40.9861	8.32441	13.2703	7.03978	13.4298	441.745	13.5456	6.5228	0	6.6204	0	243.43	116.234	1.44443	0	1.71095	0	74.1135	35.0585	0	0	85.7174	140.988	2.2623	0	146.423	25.4621	0	0	14.0501	172.166	0	0	47.1458	0	101.676	16.3801	247.658	151.448	0	0	0	114.438	462.405	114.438	186.52	289.487	167.994	0	32.6364	343.872	31.1726	200.532	0	24.2104	0	38.6376	0	28.7804	140.796	0	10.1734	33.7411	0	78.5282	0	25.0785	0	63.7263	178.332	55.2503	0	0	227.632	2.0151	179.254	0	1.86542	11.0159	527.124	527.124	302.79	4.31094	346.425	148.557	109.402	10.6696	13.0284	1.31952	97.9099	133.085	2.90175	233.806	0	47.7965	49.5434	0	18.6899	0	11.2052	335.165	12.9289	0	288.9	2.38462	3.60973	98.7611	24.8559	51.3929	0	12.1926	0	0	9.89049	90.7014	90.7014	0	0	0	0	57.8083	0	33.7736	0	249.926	0	0	0	200.054	9.88789	51.3272	92.7898	2.30814	6.31947	67.2523	2.32193	0	4.85532	0	0	0	0	0	63.3849	101.177	518.678	0	366.936	400.329
Stahl_17	0	271.306	1.1359	281.136	424.488	0	31.3627	0	0	238.094	212.922	220.247	97.7726	4.78816	0	244.731	140.948	21.4264	0	0	391.924	0	389.437	0	15.2213	87.2195	155.886	0	14.6037	0	505.57	0	0	4.58978	0	12.3195	30.5099	2.00827	16.8062	0	16.2983	77.3427	0	0	331.071	0	0	25.5994	48.9606	0	133.08	154.259	0	292.175	0	65.9704	0	414.836	0	5.21744	0	0	3.87166	0	0	155.662	194.735	0	178.943	264.316	0	243.587	0	20.2597	0	0	0	19.1982	276.465	0	50.7666	411.814	0	0	90.5766	0	0	0	28.3994	0.477548	0	0	353.483	3.40192	0	0.930981	0	268.585	0	306.738	67.0384	451.205	76.1829	0	0	71.5256	0	9.50006	378.062	0	33.1081	0	0	3.80855	11.1158	0	324.845	399.34	104.835	0	522.124	34.1799	0	0	0	0	0	0	0	25.4228	0	403.52	353.483	225.123	0	97.1189	0	0	24.8735	76.2147	0	0	36.6846	0	0	4.29127	0	84.034	401.347	8.53529	31.3952	0	52.4496	311.331	1.74673	0	0	524.037	4.15949	488.214	0	0	0	0	0	0	0	50.9304	0	15.2946	0	0	206.008	0	264.681	319.19	3.38264	311.429	378.802	293.914	280.003	220.329	284.081	0	78.1999	0	435.342	287.98	0	0	0	253.962	378.802	3.45724	66.2829	24.5462	0	0	283.188	0	14.2066	407.388	447.243	442.547	0	0	13.5094	4.11934	341.956	0	68.8393	15.8252	0	27.993	11.1359	30.0592	8.49459	30.5891	508.981	21.0229	8.86403	0	8.07185	0	353.483	205.485	28.1694	0	1.93732	0	83.11	42.9541	0	0	130.469	118.592	15.3036	0	178.762	5.41812	0	0	16.0589	229.982	0	12.7723	72.9704	0	143.677	5.23911	220.879	217.509	0	0	0	162.727	506.654	162.727	248.797	353.228	145.929	0	36.4686	188.032	22.904	178.76	0	0	0	25.5165	5.37988	39.5198	154.772	0	0	30.7206	0	114.453	0	26.157	0	76.8615	200.94	53.2949	0	0	254.076	0	244.038	4.02599	0	25.1345	524.037	524.037	374.017	0	403.01	222.642	158.824	15.4661	19.1982	0	72.2337	186.701	0	271.496	0	64.2831	81.3934	0	7.51844	0	23.1957	344.292	0	0	311.331	5.62999	3.02921	138.171	24.9595	78.5994	0	0	0	3.45941	7.95556	138.921	138.921	0	0	0	0	47.7085	0	0	0	285.197	0	0	0	259.584	0	58.8998	156.957	1.37299	7.13334	64.1316	1.58728	0	3.39707	0	0	0	0	0	107.476	102.419	540.22	0	385.94	346.73
Stahl_18	0	350.141	0	324.243	515.215	0	20.8218	0	0	146.984	85.195	212.616	89.2691	5.04036	0	197.607	92.9733	7.34477	0	0	612.126	0	643.292	0	14.0991	44.0119	149.537	0	27.7313	0	839.845	0	0	4.97302	0	6.7834	29.1116	3.97224	0	0	4.4681	64.4778	0	0	430.068	0	0	1.90838	80.4292	0	53.9227	106.653	0	180.51	0	32.6936	0	553.917	0	0	0	0	3.73011	0	0	200.177	226.859	0	245.348	215.394	0	516.901	0	0	0	0	0	15.351	311.003	0	31.5515	698.083	4.85172	0	60.1959	0	5.58883	0	13.9722	0	2.87026	0	660.631	5.12118	20.1835	10.6212	0	325.223	0	404.035	49.3158	695.531	53.3578	0	0	141.88	0	1.15484	401.491	0	22.5162	0	0	0	15.3849	0	555.064	570.535	69.5837	0	836.337	25.0485	0	0	0	0	0	0	0	21.3273	0	570.887	660.631	176.812	0	164.662	2.30219	0	15.9665	66.8427	0	0	0	0	22.1385	6.82017	0	182.47	513.854	0	19.6704	0	23.1942	241.928	0	0	0	795.701	0	534	0	0	14.808	16.0877	14.1632	14.1632	14.1632	106.621	0	4.25368	0	0	108.814	0	302.202	508.923	5.56244	335.059	445.723	428.081	427.407	293.231	386.818	0	96.1715	0	704.089	321.92	0	0	0	288.103	445.723	4.2811	82.105	4.57038	0	0	423.963	0	0	534.521	724.543	717.368	0	0	1.70558	4.42262	491.398	0	56.8405	4.27947	0	9.75547	0	25.5066	0	25.4613	504.797	19.9283	0	0	0	0	402.065	268.818	21.388	0	0	0	87.8753	89.3808	0	0	134.738	90.773	10.7411	0	248.487	5.15643	0	0	2.79315	281.308	6.6301	17.1992	112.868	0	197.499	37.971	106.887	289.938	0	0	0	216.719	670.426	216.719	333.971	492.205	263.858	0	20.9007	86.66	1.29958	181.751	0	0	0	0	0	18.9595	63.6632	0	0	13.2863	0	113.91	0	6.29701	0	137.96	140.527	25.9836	0	0	311.003	0	284.915	4.36093	0	22.2808	795.701	795.701	588.525	7.82474	505.599	287.255	256.772	2.76415	15.351	0	43.4249	158.626	0	351.863	0	140.282	135.087	4.94618	0	0	15.2168	332.078	8.36541	6.91178	241.928	5.58883	7.01184	221.824	22.0732	122.345	0	0	0	3.74615	2.54835	194.421	194.421	6.77803	0	0	0	19.0514	0	12.0398	0	232.096	0	0	0	312.04	0	14.8962	159.679	0	0	31.2586	2.54835	0	4.7418	0	0	0	0	0	116.963	89.2291	780.812	0	669.13	318.045
Stahl_19	0	208.036	0	268.973	501.847	0	10.5554	0	0	278.679	235.943	261.273	61.0459	0	0	281.355	222.793	9.80815	0	0	407.812	0	396.338	0	3.87509	122.819	203.84	0	8.24025	0	596.186	0	0	0	0	17.6815	14.2749	0	15.2313	7.15829	31.1422	87.7793	7.38451	7.15829	337.52	0	0	37.0821	59.8726	0	149.598	161.801	0	342.829	0	17.0168	0	496.141	0	2.58066	1.84566	0	4.28755	0	0	108.004	206.406	2.39869	186.466	305.51	0	318.679	4.75971	5.96036	0	4.17472	0	15.9262	263.566	0	102.309	492.441	0	3.34647	126.036	0	2.25936	0	22.6644	0.484816	0	0	467.57	8.35797	8.83354	4.34171	0	197.257	0	251.639	117.282	509.104	31.1232	0	0	97.8601	0	2.73054	441.85	0	7.53174	0	0	55.724	10.0457	0	371.124	408.463	109.386	0	548.872	14.3103	0	0	0	0	0	0	0	16.4925	0	412.809	467.57	259.48	0	124.214	0	0	7.08905	84.8682	0	0	36.7053	3.37443	43.3374	13.9885	4.68843	127.918	473.753	0	12.5197	0	76.5776	298.068	0	0	0	579.585	7.72364	454.783	0	9.41408	0	0	0	0	0	66.1207	0	18.8994	0	3.50534	353.708	0	204.041	319.516	0	413.255	426.925	380.098	381.239	189.251	257.34	3.57196	68.6051	0	465.977	276.061	0	1.27318	0	248.819	426.925	0	66.0788	25.4343	0	0	321.144	0	7.92088	387.147	516.32	506.913	0	0	26.3022	0	412.913	0	83.0823	20.8836	0	12.9835	6.31954	25.8442	4.59147	25.9832	453.92	9.64687	0	0	0	0	267.203	152.155	6.70277	0	2.59494	0	88.5354	62.8234	0	0	102.691	185.266	6.6794	0	209.5	11.8489	0	0	18.6459	278.023	2.81511	11.2409	96.529	0	119.293	19.0504	241.481	178.834	0	0	0	136.333	559.559	136.333	221.114	345.846	183.358	0	35.5767	352.737	39.279	190.759	0	0	0	0	0	16.7958	181.856	0	5.66701	24.9856	0	96.6368	0	15.4331	0	103.735	232.555	70.3927	0	0	248.522	0	185.749	0	3.84448	2.46788	579.585	579.585	377.848	3.16559	368.521	153.431	182.556	16.0479	15.9262	0	129.38	193.619	7.95806	273.61	0	74.47	88.6384	1.85411	1.99913	0	3.16559	362.489	3.39143	3.59046	298.068	2.25936	0	154.137	0	103.043	0	0	0	2.11114	5.46805	151.402	151.402	2.80369	0	1.64538	0	39.043	0	0	0	251.377	0	0	0	218.837	0	34.3369	110.606	0	3.83606	30.6635	5.46805	0	9.56591	0	0	0	0	0	85.7476	80.8107	590.622	0	477.79	406.606
Stahl_20	0	277.049	0	342.292	497.693	0	18.0638	0	0	160.103	103.532	209.393	115.016	9.06025	0	250.666	83.4682	12.2884	0	0	513.52	0	528.608	0	11.4263	37.2993	165.578	0	18.3557	0	629.375	0	0	9.30023	0	13.3676	13.3312	0	6.50098	0	11.3425	64.1068	0	0	391.834	0	0	12.4058	93.4603	0	57.257	92.0721	0	237.113	0	44.2617	0	510.326	0	0	0	0	4.42698	0	0	218.604	163.645	0	194.365	266.26	0	406.144	0	0	0	0	0	16.3576	262.574	0	28.8954	574.253	5.19052	4.93735	56.1103	0	1.58102	0	14.0947	1.96293	3.32028	0	505.291	8.73731	6.42356	5.07728	0	300.548	0	369.163	45.4707	592.862	38.3528	0	0	155.054	0	2.43871	399.807	0	20.9068	0	0	5.51349	11.5837	0	471.545	483.191	104.391	0	690.426	14.9794	0	0	0	0	0	0	0	19.8995	0	484.993	505.291	244.959	0	168.792	1.32693	0	15.7062	74.0467	0	0	8.90563	0	28.4337	0	0	224.435	471.467	0	18.1089	0	19.6958	259.206	0	0	0	686.442	0	565.986	0	0	0	0	0	0	0	108.874	0	16.4126	0	0	93.3233	0	287.947	365.041	6.60911	382.966	483.847	399.617	389.985	280.222	365.148	2.03488	96.5286	0	566.216	306.197	0	3.0292	0	245.585	483.847	7.03185	97.117	7.39661	0	0	371.445	0	0	461.678	609.765	605.767	9.74148	0	9.27662	8.10113	450.975	0	95.3016	15.5638	0	16.2503	0	19.2164	0	19.2416	564.548	8.99485	8.84385	0	8.62676	0	382.999	229.193	18.4369	0	0	0	102.531	103.831	0	0	140.177	85.1087	12.5815	0	241.354	8.42694	0	0	4.59123	287.903	0	13.3744	129.089	0	186.326	27.3059	100.726	271.575	1.28538	0	0	209.752	641.685	209.752	319.305	462.217	303.925	0	17.9877	71.8389	9.26311	243.589	0	0	0	1.77385	0	19.4242	85.7992	0	13.7413	14.8627	0	121.571	0	12.8133	0	147.819	153.822	22.0485	0	0	262.574	0	271.42	8.17548	0	13.131	686.442	686.442	488.211	5.42787	436.833	227.204	242.848	4.50778	16.3576	0	38.9183	198.197	0	348.014	0	121.777	157.62	0	2.01985	0	14.9982	418.115	3.8026	2.0668	259.206	2.10584	5.29967	215.483	20.8376	138.179	0	0	0	7.04024	0	183.206	183.206	1.95715	0	7.05266	0	37.7794	0	10.6147	0	278.254	0	0	0	273.455	0	16.8514	165.916	0	0	31.6509	0	0	0	0	0	0	0	0	119.669	128.285	684.465	0	570.404	291.254
Stahl_21	0	231.006	1.18399	206.313	471.41	3.45935	3.7789	0	0	300.9	276.939	195.603	151.947	1.83174	0	294.83	231.224	40.9329	0.916447	0	375.117	0	403.104	0	13.1554	136.319	177.092	0	45.2022	0	481.06	0	0	1.74352	0	36.3978	10.4446	0	22.4056	6.53513	50.7011	105.16	6.5413	6.53513	244.296	0	0	39.3765	26.2662	0	177.707	118.108	0	380.917	0	12.4276	0	444.1	0	13.7035	0	0	0	0	0	67.8408	115.749	0.682558	155.943	306.544	0	304.543	1.36248	18.0285	0	1.19281	0	6.56229	244.186	0	105.338	427.235	4.48918	1.66513	78.1369	0	0.441007	0	19.9468	2.09301	2.82199	0	393.128	22.3994	1.83787	10.9603	0	187.965	0	231.837	123.223	471.132	19.5062	0	1.74459	56.9244	0	21.6261	408.226	0	16.5318	0	0	8.2186	17.1106	0	354.979	423.507	108.587	0	551.67	45.7822	0	0	0	0	0	0	6.54378	6.56313	0	424.126	393.128	292.7	0	82.4592	14.1086	0	6.06723	50.2463	0	0	40.9301	0	31.0666	16.5736	1.35407	119.067	418.348	2.70566	7.06808	0	96.808	321.25	0	4.34639	0	574.338	4.8602	508.629	0	6.90807	0	0	0	0	0	40.91	0	43.4048	0	0	282.999	0	243.162	328.697	1.305	418.95	430.505	309.154	295.326	120.564	166.735	9.88351	28.6639	0	427.834	218.298	0	4.8238	0	233.86	430.505	1.30986	51.5639	26.4856	0	3.89625	288.616	0	9.03189	406.041	473.147	462.074	12.0782	0	48.3122	1.56184	428.42	0	58.2965	40.4166	1.30698	52.7328	7.10785	21.4107	5.33825	21.714	520.902	7.02789	22.9147	0	20.3102	0	232.605	107.534	11.0313	0	1.65237	0	67.3582	32.2968	0	0	91.9136	188.511	4.09862	0	189.888	24.7854	0	0	26.4275	189.94	0	17.8949	61.01	0	75.2899	6.60315	271.783	112.657	0	0	0	82.1213	548.434	82.1213	144.146	234.862	229.674	0	65.1349	265.653	49.88	223.772	0	2.50619	0	17.6658	7.68982	40.1404	164.777	0	12.0313	39.2639	0	84.8676	0	48.8954	0	60.138	196.812	46.53	0	0	229.268	1.77672	224.86	1.52711	4.91252	1.70978	574.338	574.338	352.282	0	396.907	167.487	113.571	16.9959	6.56229	0	142.923	181.213	2.21568	194.395	0	56.3481	50.4139	0	2.7136	0	2.72475	396.818	0.662064	0.72687	321.25	11.9652	0	123.004	48.227	66.7446	0	1.0467	0	1.31027	16.2819	103.478	103.478	0.550783	0	0	0	120.932	0	0	0	284.331	0	0	0	228.046	0.847053	59.65	104.342	0	4.47208	42.8699	6.70385	0	12.9348	0	0	0	0	0	74.8831	100.789	573.913	0	443.575	313.424
TFZ002_8000	317.96	0	0	151.819	287.572	8.25917	0	21.7716	0	302.213	291.039	270.098	60.698	8.71101	295.681	0	188.333	20.6013	0	368.799	0	330.758	0	20.785	0	33.3522	244.33	0	8.97536	231.255	0	456.48	6.28439	8.11765	5.19692	26.7692	6.12152	3.3725	17.7114	0	17.1758	14.1927	0	0	220.988	0	18.1392	0	9.64853	182.496	0	0	0	113.938	36.9085	0	5.60881	241.276	3.58754	7.61594	0	0	0	9.08981	52.2443	160.182	209.88	8.42287	191.576	485.646	0	84.2303	15.9895	28.7467	16.4292	0	12.3189	0	0	80.3659	0	222.088	4.03358	5.55561	20.4624	1.98791	0	2.05622	20.5207	0	0	7.60742	0	7.76448	7.47624	12.0162	3.97462	341.574	330.43	0	38.9796	356.599	47.4805	0	4.29592	9.05813	4.64258	0	0	370.86	0	17.7617	5.60629	0	10.824	0	138.796	300.965	141.555	413.568	0	22.2043	346.966	4.01089	0.935159	75.2069	0	3.84499	8.26175	17.4517	0	320.327	108.04	265.981	59.2953	0	0	5.86409	0	51.2815	1.20403	17.4599	56.7798	2.16841	0	22.9124	17.6708	3.58969	228.575	0	21.5365	0	24.783	290.143	0.748888	1.83208	497.679	0	10.9197	0	338.852	3.82317	0	0	0	0	0	5.62424	25.5369	0	0	0	0	7.16781	175.68	0	5.88618	348.252	385.615	273.976	255.637	207.837	219.76	6.39776	21.6174	389.798	0	294.979	84.3899	2.04932	0	0	385.615	6.16044	0	0	3.63059	0	0	206.66	13.4741	328.183	319.264	345.413	0	0	14.1536	7.07254	283.439	0	87.2347	24.1661	0	25.1507	21.0077	21.4183	0	29.1279	538.772	4.10688	8.276	22.8195	6.20675	389.786	0	224.261	0	324.496	16.0765	2.94382	0	6.6753	27.5464	67.045	0	68.0077	0	13.5711	0	0	13.3241	0	0	485.646	0	10.7631	164.483	172.186	115.391	8.23633	233.984	197.789	0	0	493.257	168.874	392.14	168.874	225.344	247.348	142.277	55.9078	0	0	18.4948	209.235	2.35286	0	0	58.1432	0	22.6267	0	0	0	0	57.4333	0	0	26.7363	4.83921	0	302.682	0	18.7401	21.6797	0	0	152.354	7.15719	0	0	0	0	0	0	0	0	0	0	0	0	0	0	8.73698	248.267	5.68757	0	0	0	0	53.4693	0	347.158	3.03374	8.08484	290.143	0	7.21389	48.846	10.1671	182.887	7.81324	0	6.18195	0	0	38.4372	38.4372	2.45302	0	0	0	63.0035	234.74	0	206.66	0	7.39069	0	218.326	0	1.72121	49.3499	298.118	0	6.7838	42.8081	0	9.42352	16.9145	2.93908	14.8117	20.5378	74.1221	110.683	0	102.96	459.257	59.839	193.106	485.646
TFZ002_8001	261.093	0	4.57103	65.813	269.88	10.7077	0	12.24	7.50354	380.924	370.201	226.444	53.5288	5.55259	364.435	0	264.573	18.3973	3.03546	294.146	0	256.696	0	22.0115	0	46.667	218.682	3.27877	25.1597	206.153	0	465.601	5.98191	5.10078	3.22971	33.5707	0	4.88432	38.8908	0	35.1397	16.0997	0	0	208.065	1.20597	41.0515	0	4.98594	266.041	0	0	0	155.756	31.0504	0	0	292.999	1.89117	7.55794	0	2.99457	0	3.11427	43.6241	86.0814	211.937	18.2372	191.481	609.358	4.52348	35.458	31.2896	48.0005	34.5373	0	20.2185	0	0	118.459	0	135.16	14.7001	9.42074	11.5069	6.32211	0	0	23.9072	0	3.55194	21.4341	0	11.4216	19.1946	16.5722	15.5344	287.28	227.222	0	30.1517	302.911	32.4234	6.41146	5.85953	3.54003	8.37945	0	0	459.54	0	18.3058	0	0	12.8409	0	59.6536	314.81	86.7041	372.59	0	22.3013	218.891	3.57307	0.578924	68.4467	2.53426	6.0712	4.20262	13.6813	1.76308	319.716	180.298	326.359	91.3114	0	0	5.00009	0	28.5124	1.02892	13.2288	66.6966	6.21061	0	8.73697	32.439	18.706	236.348	0	15.4879	0	40.6299	257.434	3.85173	3.50822	461.268	0	16.065	0	249.875	0	0	0	0	0	0	2.23697	21.0358	0	5.84876	0	0	5.65911	209.903	0	3.78381	353.98	452.668	248.65	228.366	166.516	260.501	6.15937	14.4655	299.186	0	233.193	145.065	15.1169	11.2095	0	452.668	3.85036	0	0	9.49367	0	0	232.858	29.4531	242.019	233.287	287.588	0	0	21.8597	4.4225	281.169	4.30949	66.797	39.7548	1.33472	23.0181	18.6265	19.6109	0	28.342	547.878	0	0	0	0	296.539	0	154.181	0	320.045	6.16719	3.64551	0	1.50751	79.9992	71.2641	0	54.8093	0	18.3619	0	0	31.3071	2.90806	0	609.358	13.2366	11.6611	111.205	134.882	77.4761	20.8134	205.908	146.312	2.53904	0	498.254	172.136	298.794	172.136	163.281	288.42	72.2907	73.9566	0	0	36.9779	187.404	0	0	0	69.9058	1.25659	34.8191	0	12.6676	0	0	66.8046	0	0	29.5093	3.01401	0	380.882	0	28.1354	14.5061	0	0	180.586	4.4812	0	0	0	0	0	0	0	0	0	0	0	0	0	0	4.42278	210.188	3.73455	0	0	26.1146	0	31.5867	0	402.83	9.89395	8.44925	257.434	0	4.64121	43.184	25.0184	133.483	21.3443	0	3.8566	0	0	26.7516	26.7516	7.55923	1.21396	0	0	59.7128	286.311	4.40637	232.858	0	4.64771	13.5441	187.998	0	1.65677	55.1672	221.827	0	17.2858	63.9259	0	3.35554	7.09357	0	26.5387	13.6374	103.078	59.8886	0	56.9439	436.177	83.05	90.2687	609.358
TFZ002_8003	309.82	0	0	88.7457	285.716	6.56716	0	22.6164	3.59487	366.753	348.967	255.073	38.8601	9.20955	270.583	0	221.687	29.5692	2.85356	339.917	0	295.632	0	18.0926	0	40.2301	245.334	2.89559	9.37823	211.994	0	507.842	9.0125	8.67369	5.55695	33.8836	14.3647	3.94123	28.2057	2.83047	28.6494	9.62119	2.79849	2.83047	277.4	1.92363	26.1855	0	12.3347	245.265	0	0	3.83549	108.787	42.6967	0	0	318.117	0	5.35294	0	1.13877	0	2.68799	57.2483	100.013	260.613	11.7146	259.146	629.223	0	26.1173	22.759	30.9059	22.5801	0	27.2253	0	0	90.8048	0	122.336	1.77231	0	23.1743	0	0	3.37144	31.9944	0	0	7.52543	0	2.39029	0	39.349	6.50316	378.77	304.932	0	36.4588	346.365	40.3008	0	3.37174	6.83236	3.8905	0	0	441.537	0	20.1933	11.2439	0	19.5327	1.90477	64.3579	319.188	106.003	398.134	0	11.6372	295.38	7.4191	0	53.3404	0	0	9.74358	18.0495	1.45691	346.087	151.003	228.681	110.824	0	0	8.35104	0	40.8424	1.33522	26.0114	56.3685	0	13.6725	3.91109	23.7815	3.61719	259.719	0	22.7524	1.76629	31.5834	274.795	0.429273	6.82909	511.183	0	8.1747	0	299.983	12.6645	4.62016	4.66288	4.11522	4.11522	4.11522	4.109	20.6206	0	0	0	0	6.04416	210.106	0	5.99239	343.993	409.729	241.707	222.235	177.286	234.494	6.43447	13.9454	335.749	0	279.572	200.426	0	6.66164	0	409.729	6.57902	0	0	0	0	0	171.673	24.698	265.661	259.533	338.973	0	25.7831	21.2619	7.42925	257.792	0	39.6073	39.3926	0	36.1144	36.8663	37.5507	0	50.5429	485.393	9.72437	7.67502	0	0	363.881	0	192.172	2.36204	319.521	4.06068	0	0	4.53084	70.4193	61.7545	0	65.6225	0	22.0849	0	0	10.0503	0	0	629.223	0	16.4254	96.49	110.901	60.6759	4.26943	195.409	161.476	0	5.11649	490.468	160.91	311.535	160.91	180.932	255.006	44.2631	60.2426	0	0	21.3906	180.645	0	0	0	63.6785	0	31.936	2.38385	2.00934	0	0	53.8512	0	0	16.9097	5.17511	0	367.493	0	25.5433	14.0333	0	0	178.341	7.64285	0	0	0	0	0	0	0	0	0	0	0	0	0	0	2.8009	221.026	4.08183	0	0	0	0	40.4358	0	378.288	0	14.2501	274.795	0	3.7415	39.724	16.8161	111.301	7.84142	0	6.5974	0	0	33.845	33.845	0.793363	0	0	0	25.8441	299.812	0	171.673	0	7.89974	0	169.325	0	0	31.7234	297.036	0	12.6874	33.0569	0	1.44787	3.11278	0	14.0624	14.6978	100.002	75.6139	0	73.9041	427.247	89.1732	87.8497	629.223
TFZ002_8004	271.085	0	0	88.6353	203.32	16.0616	0	21.9452	5.51817	395.597	387.748	249.17	65.3412	2.15218	312.109	0	281.036	27.5445	2.05211	263.236	0	226.417	0	19.0333	0	40.5998	233.846	1.82259	25.4532	154.413	0	406.044	11.621	1.87785	1.17799	20.7995	0	2.70297	26.9465	5.51296	35.4919	29.8124	5.25126	5.51296	193.046	3.73001	24.1473	0	6.74958	291.782	0	0	3.81986	139.887	49.0274	0	0	239.027	1.5491	4.78557	0	0	0	0	58.6186	88.8651	144.246	16.1347	159.262	525.777	4.94168	11.9952	28.247	36.0816	30.6842	0	24.2415	0	0	110.554	0	110.831	10.0149	0	18.7767	1.18333	0	0	20.8978	2.79433	0	3.63683	0	5.89474	4.81556	41.0743	8.82635	207.975	180.509	0	34.3623	305.305	53.3509	0	8.41977	6.03413	15.7698	0	0	492.526	0	27.7349	10.8355	0	14.519	1.89083	65.4538	328.955	115.079	392.832	0	17.6374	183.681	5.71108	2.24714	92.305	0	2.23484	6.43628	25.2134	5.04771	338.242	177.447	277.604	134.323	0	0	11.6	0	40.5458	3.80762	20.1356	60.5203	0	23.8475	17.5897	31.3358	4.03165	177.633	0	27.3877	1.91675	42.6835	258.342	0.916677	5.82679	441.844	0	5.63504	0	199.57	2.94177	0	0	0	0	0	4.43787	13.8506	0	0	0	0	5.68837	222.257	0	1.4054	383.299	448.189	223.482	204.011	118.99	265.575	33.4287	19.2008	290.649	0	255.442	66.6471	0	8.66504	0	448.189	1.41149	0	0	8.18373	0	0	242.983	22.6046	257.718	244.496	291.731	40.8873	64.2575	30.9671	1.70206	299.311	0	40.7411	24.1927	1.42679	33.975	18.7581	18.5207	0	23.916	527.405	0	0	0	0	216.186	0	117.053	2.37273	349.572	7.1572	3.39898	0	3.69051	62.611	76.352	0	60.6736	0	18.2035	0	0	18.5997	2.57374	0	525.777	3.53008	14.3448	81.0965	122.187	55.1278	10.8603	239.027	87.1054	0	0	463.309	186.959	330.021	186.959	109.292	295.573	81.1244	86.7506	0	0	31.3241	205.495	0	0	0	113.051	0	30.0743	2.37967	0	0	0	69.3969	0	0	32.0914	1.09969	0	394.73	0	24.139	19.1195	0	0	194.722	1.64537	0	0	0	0	0	0	0	0	0	0	0	0	0	0	9.23364	152.386	5.26383	0	0	3.87898	0	44.6335	0	395.045	1.79487	2.3687	258.342	0	0	52.3979	57.4318	119.089	3.81875	0	1.41225	0	0	44.7913	44.7913	1.47727	2.97859	0	0	40.2909	219.894	0	242.983	0	1.70871	0	185.492	0	0	93.4975	122.622	0	12.9473	74.5145	0	7.02894	14.3458	0	10.0828	20.2993	101.011	71.8455	0	79.7942	435.725	93.2403	71.7641	525.777
TFZ002_8070	290.448	0	0	69.7889	203.91	7.0054	0	4.94013	4.3951	382.61	372.071	265.44	39.7853	2.08403	283.553	0	228.666	17.5353	0	281.305	0	239.088	0	6.41734	0	6.22141	250.24	2.0039	17.3366	173.003	0	466.987	4.87301	1.85793	1.16842	8.80772	4.11731	6.12948	28.518	0	30.9492	10.1629	0	0	177.831	2.02431	27.4255	0	5.19839	294.412	0	0	2.01313	98.7797	0	0	0	176.913	0	9.38556	0	2.90176	0	0	35.126	87.7512	171.143	7.7113	179.202	535.742	3.5474	24.4887	13.3429	26.7152	15.0418	0	11.0538	0	0	100.374	0	112.05	10.6892	4.10845	9.54084	1.80801	0	0	17.1383	1.37557	0	4.36963	0	6.34517	0	21.3811	11.9402	292.798	229.07	0	16.861	320.033	14.6661	4.08004	3.86383	2.04986	5.85556	0	0	438.955	0	15.9358	9.15227	0	5.17993	0.999714	70.2596	313.944	105.961	380.085	0	18.2178	223.799	6.42692	0	65.7147	0	2.2336	6.54687	15.4697	0	327.311	114.812	247.2	70.5874	0	0	4.15686	0	28.3757	0	13.3697	97.2018	0	0	20.7922	15.1308	4.48343	150.248	0	9.10956	1.33055	25.9457	241.284	0	1.944	457.926	0	20.2539	0	180.593	0	0	0	0	0	0	0	5.01669	0	0	0	0	0	161.614	0	1.38092	375.217	456.164	210.709	190.46	138.36	225.842	16.3908	10.492	377.716	0	273.881	76.6802	2.70221	0	0	456.164	1.3976	0	0	6.13138	0	0	205.931	22.846	280.213	266.016	309.954	0	8.83027	26.323	1.64606	276.792	1.9084	57.2863	11.8696	4.0125	21.6183	12.3139	13.0543	0	19.3377	541.104	2.75646	0	0	0	237.441	0	106.635	1.23464	373.295	5.05859	0	0	2.71293	68.7822	37.3584	0	31.3382	0	13.2481	0	0	19.2697	2.53977	0	535.742	5.0061	4.94671	97.1379	125.105	69.0591	5.31856	265.336	116.999	1.80573	0	443.861	150.222	308.975	150.222	133.823	251.166	86.9156	60.3075	0	0	27.7112	166.678	0	0	0	81.2573	0.939233	3.85419	1.25923	12.7094	0	0	35.1038	0	2.49783	20.6721	1.09034	0	382.151	0	3.10678	10.522	0	0.711221	138.686	1.62892	0	0	0	0	0	0	0	0	0	0	0	0	0	0	5.65952	175.76	0	0	0	8.25742	0	15.5173	0	390.903	2.80422	13.1768	241.284	0	0	20.8561	24.0911	123.029	4.48861	0	1.399	0	0	8.91974	8.91974	2.23114	0	0	0	43.0818	186.46	0	205.931	0	1.69122	0	197.496	0	0	53.4246	209.675	1.72145	16.4058	58.3774	0	11.9999	21.4033	0	28.3964	8.45913	61.8747	55.2486	0	73.4978	405.578	103.328	73.5613	535.742
TFZ002_8073	266.136	0	3.70812	74.8655	265.915	8.94903	0	4.05897	4.85307	401.055	389.715	260.304	45.1924	0	308.902	0	275.638	30.4416	4.41289	267.081	0	228.979	0	18.5408	0	38.05	247.81	0	10.855	142.655	0	470	12.9246	0	0	35.662	3.3794	0	46.0117	10.8129	39.8253	19.6647	9.96365	10.8129	196.852	0.60899	50.9298	0	7.54966	300.017	0	0	0	184.707	12.6743	0	0	267.2	0	12.0997	0	0.542674	0	1.08501	51.0051	60.3557	161.232	16.311	138.936	544.841	4.30258	50.4027	32.2065	38.1443	30.9437	0	8.49344	0	0	126.003	0	152.071	6.02953	0	22.5642	0	0	2.31496	23.8687	1.2849	0	5.15681	0	17.5371	0	29.1614	9.56692	188.636	190.991	0	42.13	323.094	19.4765	1.07096	4.8284	6.59239	4.66729	0	0	416.255	0	5.72895	8.52024	0	22.0156	0	95.9681	310.732	91.8324	380.012	0	12.8111	222.355	9.05864	0	86.1109	3.68637	6.9262	8.33431	9.09394	2.63714	332.617	166.75	273.199	117.873	0	0	11.8047	0	20.6366	0	24.5534	97.4951	0.84381	0	17.8609	29.5589	12.0367	221.066	0	11.2929	0	30.6603	262.87	0.69905	10.1928	462.356	0	22.0796	0	174.851	0	0	0	0	0	0	9.51609	29.9548	0	1.02276	0	0	0	150.661	0	0	388.676	463.04	204.834	185.958	109.733	203.036	25.0485	5.72068	343.07	0	262.636	110.57	6.93546	5.28398	0	463.04	0	0	0	10.8744	0	0	237.166	24.9327	296.572	291.397	313.643	9.09291	10.7194	34.3192	0	334.939	1.56186	44.5606	31.6708	0.684109	37.2327	25.0242	22.9689	0	26.5853	508.061	2.26059	7.95126	0	0	246.146	0	84.0154	0	346.878	4.62774	0	0	7.96362	70.6386	74.5068	0	73.4111	0	33.9802	0	0	24.9095	0.696065	0	544.841	9.80823	18.4271	72.6567	109.068	51.4603	15.081	241.339	86.4417	5.62784	10.1714	458.482	127.483	322.559	127.483	100.771	241.59	58.0534	122.54	0	0	52.817	185.207	0	0	0	98.2525	2.64572	26.4839	0	24.8874	0	0	83.1946	0	0	27.8707	0	0	400.245	0	26.2022	5.73353	0	0.818282	128.983	0	0	0	0	0	0	0	0	0	0	0	0	0	0	0	9.82541	141.156	12.0612	0	0	12.6266	4.23765	29.4525	0	406.076	6.53274	17.5207	262.87	0	0	34.2867	18.0483	103.011	5.43802	0	0	0	0	40.8813	40.8813	0	2.42755	0	2.84927	50.094	272.479	18.1354	237.166	0	0	8.84556	157.025	0	0	65.9703	210.001	2.42917	22.731	55.8663	0	7.38844	14.5159	0	30.9462	9.18257	89.6116	69.4246	0	61.7539	413.794	108.42	105.999	544.841
