feature	X1CMET2.PWY..N10.formyl.tetrahydrofolate.biosynthesis	X1CMET2.PWY..folate.transformations.III..E..coli.	ANAEROFRUCAT.PWY..homolactic.fermentation	ANAGLYCOLYSIS.PWY..glycolysis.III..from.glucose.	ARG.POLYAMINE.SYN..superpathway.of.arginine.and.polyamine.biosynthesis	ARGININE.SYN4.PWY..L.ornithine.de.novo..biosynthesis	ARGORNPROST.PWY..arginine..ornithine.and.proline.interconversion	ARGSYN.PWY..L.arginine.biosynthesis.I..via.L.ornithine.	ARGSYNBSUB.PWY..L.arginine.biosynthesis.II..acetyl.cycle.	ARO.PWY..chorismate.biosynthesis.I	ASPASN.PWY..superpathway.of.L.aspartate.and.L.asparagine.biosynthesis	BIOTIN.BIOSYNTHESIS.PWY..biotin.biosynthesis.I	BRANCHED.CHAIN.AA.SYN.PWY..superpathway.of.branched.amino.acid.biosynthesis	BRANCHED.CHAIN.AA.SYN.PWY..superpathway.of.branched.chain.amino.acid.biosynthesis	CALVIN.PWY..Calvin.Benson.Bassham.cycle	CENTFERM.PWY..pyruvate.fermentation.to.butanoate	CITRULBIO.PWY..L.citrulline.biosynthesis	COA.PWY.1..coenzyme.A.biosynthesis.II..mammalian.	COA.PWY.1..superpathway.of.coenzyme.A.biosynthesis.III..mammals.	COA.PWY..coenzyme.A.biosynthesis.I	COA.PWY..coenzyme.A.biosynthesis.I..prokaryotic.	COBALSYN.PWY..adenosylcobalamin.salvage.from.cobinamide.I	COLANSYN.PWY..colanic.acid.building.blocks.biosynthesis	COMPLETE.ARO.PWY..superpathway.of.aromatic.amino.acid.biosynthesis	DAPLYSINESYN.PWY..L.lysine.biosynthesis.I	DENOVOPURINE2.PWY..superpathway.of.purine.nucleotides.de.novo.biosynthesis.II	DTDPRHAMSYN.PWY..dTDP..beta..L.rhamnose.biosynthesis	DTDPRHAMSYN.PWY..dTDP.L.rhamnose.biosynthesis.I	FAO.PWY..fatty.acid..beta..oxidation.I	FASYN.ELONG.PWY..fatty.acid.elongation....saturated	FASYN.INITIAL.PWY..superpathway.of.fatty.acid.biosynthesis.initiation..E..coli.	FERMENTATION.PWY..mixed.acid.fermentation	FUC.RHAMCAT.PWY..superpathway.of.fucose.and.rhamnose.degradation	FUCCAT.PWY..fucose.degradation	GALACT.GLUCUROCAT.PWY..superpathway.of.hexuronide.and.hexuronate.degradation	GALACTARDEG.PWY..D.galactarate.degradation.I	GALACTUROCAT.PWY..D.galacturonate.degradation.I	GLCMANNANAUT.PWY..superpathway.of.N.acetylglucosamine..N.acetylmannosamine.and.N.acetylneuraminate.degradation	GLUCARDEG.PWY..D.glucarate.degradation.I	GLUCARGALACTSUPER.PWY..superpathway.of.D.glucarate.and.D.galactarate.degradation	GLUCONEO.PWY..gluconeogenesis.I	GLUCOSE1PMETAB.PWY..glucose.and.glucose.1.phosphate.degradation	GLUCUROCAT.PWY..superpathway.of..beta..D.glucuronide.and.D.glucuronate.degradation	GLUCUROCAT.PWY..superpathway.of..beta..D.glucuronosides.degradation	GLUDEG.I.PWY..GABA.shunt	GLUTORN.PWY..L.ornithine.biosynthesis	GLUTORN.PWY..L.ornithine.biosynthesis.I	GLYCOCAT.PWY..glycogen.degradation.I..bacterial.	GLYCOGENSYNTH.PWY..glycogen.biosynthesis.I..from.ADP.D.Glucose.	GLYCOLYSIS.E.D..superpathway.of.glycolysis.and.Entner.Doudoroff	GLYCOLYSIS..glycolysis.I..from.glucose.6.phosphate.	GLYOXYLATE.BYPASS..glyoxylate.cycle	GOLPDLCAT.PWY..superpathway.of.glycerol.degradation.to.1.3.propanediol	HEME.BIOSYNTHESIS.II..heme.biosynthesis.I..aerobic.	HEMESYN2.PWY..heme.biosynthesis.II..anaerobic.	HEXITOLDEGSUPER.PWY..superpathway.of.hexitol.degradation..bacteria.	HISDEG.PWY..L.histidine.degradation.I	HISTSYN.PWY..L.histidine.biosynthesis	HOMOSER.METSYN.PWY..L.methionine.biosynthesis.I	HSERMETANA.PWY..L.methionine.biosynthesis.III	ILEUSYN.PWY..L.isoleucine.biosynthesis.I..from.threonine.	KETOGLUCONMET.PWY..ketogluconate.metabolism	LACTOSECAT.PWY..lactose.and.galactose.degradation.I	MET.SAM.PWY..superpathway.of.S.adenosyl.L.methionine.biosynthesis	METH.ACETATE.PWY..methanogenesis.from.acetate	METSYN.PWY..L.homoserine.and.L.methionine.biosynthesis	NAGLIPASYN.PWY..lipid.IVA.biosynthesis	NONMEVIPP.PWY..methylerythritol.phosphate.pathway.I	NONOXIPENT.PWY..pentose.phosphate.pathway..non.oxidative.branch.	NONOXIPENT.PWY..pentose.phosphate.pathway..non.oxidative.branch..I	OANTIGEN.PWY..O.antigen.building.blocks.biosynthesis..E..coli.	P108.PWY..pyruvate.fermentation.to.propanoate.I	P161.PWY..acetylene.degradation	P161.PWY..acetylene.degradation..anaerobic.	P162.PWY..L.glutamate.degradation.V..via.hydroxyglutarate.	P164.PWY..purine.nucleobases.degradation.I..anaerobic.	P4.PWY..superpathway.of.L.lysine..L.threonine.and.L.methionine.biosynthesis.I	P41.PWY..pyruvate.fermentation.to.acetate.and..S..lactate.I	P42.PWY..incomplete.reductive.TCA.cycle	P441.PWY..superpathway.of.N.acetylneuraminate.degradation	P461.PWY..hexitol.fermentation.to.lactate..formate..ethanol.and.acetate	P562.PWY..myo.inositol.degradation.I	PANTO.PWY..phosphopantothenate.biosynthesis.I	PANTOSYN.PWY..pantothenate.and.coenzyme.A.biosynthesis.I	PANTOSYN.PWY..superpathway.of.coenzyme.A.biosynthesis.I..bacteria.	PENTOSE.P.PWY..pentose.phosphate.pathway	PEPTIDOGLYCANSYN.PWY..peptidoglycan.biosynthesis.I..meso.diaminopimelate.containing.	PHOSLIPSYN.PWY..superpathway.of.phospholipid.biosynthesis.I..bacteria.	POLYAMINSYN3.PWY..superpathway.of.polyamine.biosynthesis.II	POLYAMSYN.PWY..superpathway.of.polyamine.biosynthesis.I	POLYISOPRENSYN.PWY..polyisoprenoid.biosynthesis..E..coli.	PPGPPMET.PWY..ppGpp.biosynthesis	PWY.1042..glycolysis.IV	PWY.1042..glycolysis.IV..plant.cytosol.	PWY.1269..CMP.3.deoxy.D.manno.octulosonate.biosynthesis.I	PWY.1861..formaldehyde.assimilation.II..RuMP.Cycle.	PWY.241..C4.photosynthetic.carbon.assimilation.cycle..NADP.ME.type	PWY.2723..trehalose.degradation.V	PWY.2941..L.lysine.biosynthesis.II	PWY.2942..L.lysine.biosynthesis.III	PWY.3001..superpathway.of.L.isoleucine.biosynthesis.I	PWY.3841..folate.transformations.II	PWY.3841..folate.transformations.II..plants.	PWY.4041...gamma..glutamyl.cycle	PWY.4242..pantothenate.and.coenzyme.A.biosynthesis.III	PWY.4981..L.proline.biosynthesis.II..from.arginine.	PWY.4984..urea.cycle	PWY.5005..biotin.biosynthesis.II	PWY.5022..4.aminobutanoate.degradation.V	PWY.5030..L.histidine.degradation.III	PWY.5083..NAD.NADH.phosphorylation.and.dephosphorylation	PWY.5097..L.lysine.biosynthesis.VI	PWY.5100..pyruvate.fermentation.to.acetate.and.lactate.II	PWY.5103..L.isoleucine.biosynthesis.III	PWY.5104..L.isoleucine.biosynthesis.IV	PWY.5121..superpathway.of.geranylgeranyl.diphosphate.biosynthesis.II..via.MEP.	PWY.5136..fatty.acid..beta..oxidation.II..peroxisome.	PWY.5154..L.arginine.biosynthesis.III..via.N.acetyl.L.citrulline.	PWY.5177..glutaryl.CoA.degradation	PWY.5188..tetrapyrrole.biosynthesis.I..from.glutamate.	PWY.5189..tetrapyrrole.biosynthesis.II..from.glycine.	PWY.5265..peptidoglycan.biosynthesis.II..staphylococci.	PWY.5345..superpathway.of.L.methionine.biosynthesis..by.sulfhydrylation.	PWY.5347..superpathway.of.L.methionine.biosynthesis..transsulfuration.	PWY.5367..petroselinate.biosynthesis	PWY.5384..sucrose.degradation.IV..sucrose.phosphorylase.	PWY.5484..glycolysis.II..from.fructose.6.phosphate.	PWY.5505..L.glutamate.and.L.glutamine.biosynthesis	PWY.5659..GDP.mannose.biosynthesis	PWY.5667..CDP.diacylglycerol.biosynthesis.I	PWY.5675..nitrate.reduction.V..assimilatory.	PWY.5676..acetyl.CoA.fermentation.to.butanoate.II	PWY.5686..UMP.biosynthesis	PWY.5686..UMP.biosynthesis.I	PWY.5690..TCA.cycle.II..plants.and.fungi.	PWY.5695..inosine.5..phosphate.degradation	PWY.5695..urate.biosynthesis.inosine.5..phosphate.degradation	PWY.5723..Rubisco.shunt	PWY.5910..superpathway.of.geranylgeranyldiphosphate.biosynthesis.I..via.mevalonate.	PWY.5913..TCA.cycle.VI..obligate.autotrophs.	PWY.5913..partial.TCA.cycle..obligate.autotrophs.	PWY.5918..superpathay.of.heme.biosynthesis.from.glutamate	PWY.5941..glycogen.degradation.II	PWY.5941..glycogen.degradation.II..eukaryotic.	PWY.5971..palmitate.biosynthesis..type.II.fatty.acid.synthase.	PWY.5973..cis.vaccenate.biosynthesis	PWY.5981..CDP.diacylglycerol.biosynthesis.III	PWY.5989..stearate.biosynthesis.II..bacteria.and.plants.	PWY.6121..5.aminoimidazole.ribonucleotide.biosynthesis.I	PWY.6122..5.aminoimidazole.ribonucleotide.biosynthesis.II	PWY.6123..inosine.5..phosphate.biosynthesis.I	PWY.6124..inosine.5..phosphate.biosynthesis.II	PWY.6125..superpathway.of.guanosine.nucleotides.de.novo.biosynthesis.II	PWY.6126..superpathway.of.adenosine.nucleotides.de.novo.biosynthesis.II	PWY.6143..CMP.pseudaminate.biosynthesis	PWY.6147..6.hydroxymethyl.dihydropterin.diphosphate.biosynthesis.I	PWY.6151..S.adenosyl.L.methionine.cycle.I	PWY.6151..S.adenosyl.L.methionine.salvage.I	PWY.6163..chorismate.biosynthesis.from.3.dehydroquinate	PWY.6168..flavin.biosynthesis.III..fungi.	PWY.621..sucrose.degradation.III..sucrose.invertase.	PWY.6270..isoprene.biosynthesis.I	PWY.6277..superpathway.of.5.aminoimidazole.ribonucleotide.biosynthesis	PWY.6282..palmitoleate.biosynthesis.I..from..5Z..dodec.5.enoate.	PWY.6284..superpathway.of.unsaturated.fatty.acids.biosynthesis..E..coli.	PWY.6285..superpathway.of.fatty.acids.biosynthesis..E..coli.	PWY.6292..superpathway.of.L.cysteine.biosynthesis..mammalian.	PWY.6305..putrescine.biosynthesis.IV	PWY.6305..superpathway.of.putrescine.biosynthesis	PWY.6317..D.galactose.degradation.I..Leloir.pathway.	PWY.6317..galactose.degradation.I..Leloir.pathway.	PWY.6353..purine.nucleotides.degradation.II..aerobic.	PWY.6385..peptidoglycan.biosynthesis.III..mycobacteria.	PWY.6386..UDP.N.acetylmuramoyl.pentapeptide.biosynthesis.II..lysine.containing.	PWY.6387..UDP.N.acetylmuramoyl.pentapeptide.biosynthesis.I..meso.diaminopimelate.containing.	PWY.6470..peptidoglycan.biosynthesis.V...beta..lactam.resistance.	PWY.6507..4.deoxy.L.threo.hex.4.enopyranuronate.degradation	PWY.6519..8.amino.7.oxononanoate.biosynthesis.I	PWY.6527..stachyose.degradation	PWY.6545..pyrimidine.deoxyribonucleotides.de.novo.biosynthesis.III	PWY.6549..L.glutamine.biosynthesis.III	PWY.6588..pyruvate.fermentation.to.acetone	PWY.6590..superpathway.of.Clostridium.acetobutylicum.acidogenic.fermentation	PWY.6595..superpathway.of.guanosine.nucleotides.degradation..plants.	PWY.6606..guanosine.nucleotides.degradation.II	PWY.6607..guanosine.nucleotides.degradation.I	PWY.6608..guanosine.nucleotides.degradation.III	PWY.6609..adenine.and.adenosine.salvage.III	PWY.6628..superpathway.of.L.phenylalanine.biosynthesis	PWY.6629..superpathway.of.L.tryptophan.biosynthesis	PWY.6630..superpathway.of.L.tyrosine.biosynthesis	PWY.6700..queuosine.biosynthesis	PWY.6700..queuosine.biosynthesis.I..de.novo.	PWY.6703..preQ0.biosynthesis	PWY.6731..starch.degradation.III	PWY.6737..starch.degradation.V	PWY.6749..CMP.legionaminate.biosynthesis.I	PWY.6823..molybdopterin.biosynthesis	PWY.6859..all.trans.farnesol.biosynthesis	PWY.6891..thiazole.biosynthesis.II..Bacillus.	PWY.6892..thiazole.biosynthesis.I..E..coli.	PWY.6895..superpathway.of.thiamin.diphosphate.biosynthesis.II	PWY.6897..thiamin.salvage.II	PWY.6897..thiamine.diphosphate.salvage.II	PWY.6901..superpathway.of.glucose.and.xylose.degradation	PWY.6902..chitin.degradation.II..Vibrio.	PWY.6936..seleno.amino.acid.biosynthesis	PWY.6936..seleno.amino.acid.biosynthesis..plants.	PWY.6969..TCA.cycle.V..2.oxoglutarate.synthase.	PWY.702..L.methionine.biosynthesis.II	PWY.7111..pyruvate.fermentation.to.isobutanol..engineered.	PWY.7117..C4.photosynthetic.carbon.assimilation.cycle..PEPCK.type	PWY.7184..pyrimidine.deoxyribonucleotides.de.novo.biosynthesis.I	PWY.7187..pyrimidine.deoxyribonucleotides.de.novo.biosynthesis.II	PWY.7197..pyrimidine.deoxyribonucleotide.phosphorylation	PWY.7198..pyrimidine.deoxyribonucleotides.de.novo.biosynthesis.IV	PWY.7199..pyrimidine.deoxyribonucleosides.salvage	PWY.7208..superpathway.of.pyrimidine.nucleobases.salvage	PWY.7219..adenosine.ribonucleotides.de.novo.biosynthesis	PWY.7220..adenosine.deoxyribonucleotides.de.novo.biosynthesis.II	PWY.7221..guanosine.ribonucleotides.de.novo.biosynthesis	PWY.7222..guanosine.deoxyribonucleotides.de.novo.biosynthesis.II	PWY.7228..superpathway.of.guanosine.nucleotides.de.novo.biosynthesis.I	PWY.7229..superpathway.of.adenosine.nucleotides.de.novo.biosynthesis.I	PWY.7234..inosine.5..phosphate.biosynthesis.III	PWY.7237..myo...chiro..and.scillo.inositol.degradation	PWY.7237..myo...chiro..and.scyllo.inositol.degradation	PWY.7238..sucrose.biosynthesis.II	PWY.7242..D.fructuronate.degradation	PWY.724..superpathway.of.L.lysine..L.threonine.and.L.methionine.biosynthesis.II	PWY.7282..4.amino.2.methyl.5.diphosphomethylpyrimidine.biosynthesis.II	PWY.7282..4.amino.2.methyl.5.phosphomethylpyrimidine.biosynthesis..yeast.	PWY.7315..dTDP.N.acetylthomosamine.biosynthesis	PWY.7316..dTDP.N.acetylviosamine.biosynthesis	PWY.7323..superpathway.of.GDP.mannose.derived.O.antigen.building.blocks.biosynthesis	PWY.7328..superpathway.of.UDP.glucose.derived.O.antigen.building.blocks.biosynthesis	PWY.7356..thiamine.diphosphate.salvage.IV..yeast.	PWY.7357..thiamin.formation.from.pyrithiamine.and.oxythiamine..yeast.	PWY.7357..thiamine.phosphate.formation.from.pyrithiamine.and.oxythiamine..yeast.	PWY.7383..anaerobic.energy.metabolism..invertebrates..cytosol.	PWY.7388..octanoyl..acyl.carrier.protein..biosynthesis..mitochondria..yeast.	PWY.7391..isoprene.biosynthesis.II..engineered.	PWY.7400..L.arginine.biosynthesis.IV..archaebacteria.	PWY.7456..mannan.degradation	PWY.7539..6.hydroxymethyl.dihydropterin.diphosphate.biosynthesis.III..Chlamydia.	PWY.7560..methylerythritol.phosphate.pathway.II	PWY.7663..gondoate.biosynthesis..anaerobic.	PWY.7664..oleate.biosynthesis.IV..anaerobic.	PWY.7761..NAD.salvage.pathway.II..PNC.IV.cycle.	PWY.7790..UMP.biosynthesis.II	PWY.7791..UMP.biosynthesis.III	PWY.7851..coenzyme.A.biosynthesis.II..eukaryotic.	PWY.7858...5Z..dodecenoate.biosynthesis.II	PWY.7953..UDP.N.acetylmuramoyl.pentapeptide.biosynthesis.III..meso.diaminopimelate.containing.	PWY.7977..L.methionine.biosynthesis.IV	PWY.8004..Entner.Doudoroff.pathway.I	PWY.8178..pentose.phosphate.pathway..non.oxidative.branch..II	PWY.8187..L.arginine.degradation.XIII..reductive.Stickland.reaction.	PWY.821..superpathway.of.sulfur.amino.acid.biosynthesis..Saccharomyces.cerevisiae.	PWY.841..superpathway.of.purine.nucleotides.de.novo.biosynthesis.I	PWY.922..mevalonate.pathway.I..eukaryotes.and.bacteria.	PWY.I9..L.cysteine.biosynthesis.VI..from.L.methionine.	PWY0.1061..superpathway.of.L.alanine.biosynthesis	PWY0.1241..ADP.L.glycero..beta..D.manno.heptose.biosynthesis	PWY0.1261..anhydromuropeptides.recycling	PWY0.1296..purine.ribonucleosides.degradation	PWY0.1297..superpathway.of.purine.deoxyribonucleosides.degradation	PWY0.1298..superpathway.of.pyrimidine.deoxyribonucleosides.degradation	PWY0.1319..CDP.diacylglycerol.biosynthesis.II	PWY0.1477..ethanolamine.utilization	PWY0.1479..tRNA.processing	PWY0.1586..peptidoglycan.maturation..meso.diaminopimelate.containing.	PWY0.162..superpathway.of.pyrimidine.ribonucleotides.de.novo.biosynthesis	PWY0.166..superpathway.of.pyrimidine.deoxyribonucleotides.de.novo.biosynthesis..E..coli.	PWY0.301..L.ascorbate.degradation.I..bacterial..anaerobic.	PWY0.781..aspartate.superpathway	PWY0.845..superpathway.of.pyridoxal.5..phosphate.biosynthesis.and.salvage	PWY0.862...5Z..dodec.5.enoate.biosynthesis	PWY0.862...5Z..dodecenoate.biosynthesis.I	PWY1ZNC.1..assimilatory.sulfate.reduction.IV	PWY4FS.7..phosphatidylglycerol.biosynthesis.I..plastidic.	PWY4FS.8..phosphatidylglycerol.biosynthesis.II..non.plastidic.	PWY4LZ.257..superpathway.of.fermentation..Chlamydomonas.reinhardtii.	PWY66.389..phytol.degradation	PWY66.399..gluconeogenesis.III	PWY66.400..glycolysis.VI..metazoan.	PWY66.409..superpathway.of.purine.nucleotide.salvage	PWY66.422..D.galactose.degradation.V..Leloir.pathway.	PWY66.429..fatty.acid.biosynthesis.initiation..mitochondria.	PWYG.321..mycolate.biosynthesis	PYRIDNUCSYN.PWY..NAD.biosynthesis.I..from.aspartate.	PYRIDNUCSYN.PWY..NAD.de.novo.biosynthesis.I..from.aspartate.	PYRIDOXSYN.PWY..pyridoxal.5..phosphate.biosynthesis.I	RHAMCAT.PWY..L.rhamnose.degradation.I	RIBOSYN2.PWY..flavin.biosynthesis.I..bacteria.and.plants.	SALVADEHYPOX.PWY..adenosine.nucleotides.degradation.II	SER.GLYSYN.PWY..superpathway.of.L.serine.and.glycine.biosynthesis.I	SO4ASSIM.PWY..assimilatory.sulfate.reduction.I	SO4ASSIM.PWY..sulfate.reduction.I..assimilatory.	SULFATE.CYS.PWY..superpathway.of.sulfate.assimilation.and.cysteine.biosynthesis	TCA..TCA.cycle.I..prokaryotic.	TEICHOICACID.PWY..teichoic.acid..poly.glycerol..biosynthesis	THISYN.PWY..superpathway.of.thiamin.diphosphate.biosynthesis.I	THISYNARA.PWY..superpathway.of.thiamin.diphosphate.biosynthesis.III..eukaryotes.	THISYNARA.PWY..superpathway.of.thiamine.diphosphate.biosynthesis.III..eukaryotes.	THRESYN.PWY..superpathway.of.L.threonine.biosynthesis	TRNA.CHARGING.PWY..tRNA.charging	TRPSYN.PWY..L.tryptophan.biosynthesis	UDPNAGSYN.PWY..UDP.N.acetyl.D.glucosamine.biosynthesis.I	VALSYN.PWY..L.valine.biosynthesis
Geiger_01	146.564	0	51.1463	209.469	0	0	0	389.527	399.24	230.223	103.55	0	348.122	0	159.013	21.096	67.006	247.171	0	220.585	0	0	0	204.374	15.6105	0	0	328.518	0	0	0	43.5487	0	0	45.1984	0	57.1208	0	0	0	74.9013	0	38.9431	0	0	295.657	0	0	208.989	0	250.841	0	0	0	0	84.5739	30.5051	156.106	9.11157	77.8953	546.638	8.45585	38.8215	17.3319	21.4749	17.606	0	0	66.7297	0	49.7233	0	0	0	0	22.8716	0	0	0	0	65.8701	0	211.888	189.148	0	20.276	286.738	0	0	0	0	0	0	394.029	25.6959	0	5.61998	0	0	213.261	144.98	349.962	0	13.5224	210.036	94.2858	58.2974	23.1547	0	0	0	269.881	146.865	313.332	153.919	0	0	0	14.7734	99.895	0	0	0	0	0	12.021	189.118	11.3538	24.1781	235.494	0	0	462.964	0	47.0521	0	268.314	0	0	31.1234	0	0	0	0	0	145.336	0	0	357.892	372.323	215.674	195.623	0	189.892	21.8622	0	204.359	0	223.268	93.6025	45.279	0	372.323	0	0	0	0	0	0	0	238.435	48.2948	263.784	274.96	270.129	0	34.8125	0	317.452	0	28.5884	8.27783	26.0906	19.0728	23.1615	0	49.7826	523.284	0	0	0	219.842	0	83.1726	0	269.751	0	0	0	0	5.79711	0	68.2095	0	36.5212	0	71.0222	0	0	0	546.638	0	0	0	0	0	296.14	0	451.223	111.599	391.721	111.599	0	234.182	149.904	108.347	0	0	40.4462	172.435	0	18.988	105.631	0	0	0	0	76.8022	0	0	0	0	387.772	0	0	0	122.586	0	0	0	0	0	0	0	0	0	0	0	0	0	0	0	0	7.49308	0	390.432	0	0	235.494	0	0	9.54063	0	0	0	0	9.07808	0	0	0	6.24506	6.24506	0	0	63.0087	218.219	0	238.435	0	0	118.078	0	7.02161	141.122	164.758	42.8215	103.978	0	0	0	62.9229	0	23.1273	50.6908	0	102.686	461.373	23.7132	28.461	546.638
Geiger_02	235.762	0	89.4571	439.232	0	0	0	264.748	255.338	128.599	137.444	0	259.359	0	125.883	0	0	310.491	0	285.179	0	0	0	114.183	0	0	0	385.155	0	0	0	0	0	0	0	0	0	0	0	0	0	0	0	0	0	177.469	0	0	317.715	0	305.51	0	0	0	0	0	11.19	93.4173	0	135.911	461.024	0	240.633	0	40.8393	0	0	0	49.3365	0	289.878	9.93663	0	0	0	15.7627	0	0	0	0	0	0	126.885	159.211	0	0	321.33	0	0	0	0	0	0	429.401	14.9717	0	0	0	48.077	163.808	90.2549	374.37	0	0	250.846	71.1124	0	0	0	0	0	177.191	295.121	233.516	89.0395	0	0	0	12.6521	14.972	0	0	0	0	0	13.3054	295.208	0	103.218	238.165	0	0	341.186	0	0	0	322.825	0	0	118.114	0	0	0	0	0	120.738	0	0	197.54	236.552	184.26	170.598	0	200.453	0	6.11073	326.202	0	114.276	55.9697	17.2547	0	236.552	0	0	0	0	0	0	0	153.177	32.7833	252.63	316.573	313.244	0	0	0	274.514	0	0	0	0	36.1267	31.0412	0	32.8165	414.627	0	0	0	160.967	0	37.7731	0	243.907	0	0	0	0	0	0	28.6083	0	0	0	120.813	0	0	0	461.024	0	0	0	0	0	277.053	0	473.275	115.288	443.642	115.288	0	234.642	62.6173	60.893	0	0	0	109.625	0	0	55.3412	9.92916	0	0	0	26.7739	0	0	0	0	263.613	0	6.08898	0	104.529	0	0	0	0	0	0	0	0	0	0	0	0	0	0	0	0	0	0	265.745	0	0	238.165	0	0	19.7055	0	0	0	0	0	0	0	0	0	0	0	0	29.4148	400.283	0	205.398	0	0	130.674	0	0	67.9746	51.7212	19.0295	90.3336	0	0	0	0	0	0	18.0771	0	61.8429	443.819	19.448	274.073	461.024
Geiger_05	239.936	0	83.7029	344.678	0	0	0	396.764	389.998	248.227	96.3127	0	357.367	0	110.811	10.4385	35.3085	231.442	0	199.75	0	0	0	226.201	47.0919	30.5199	0	414.013	8.42078	0	0	25.4039	0	0	25.6416	0	23.6662	15.9894	0	0	89.7548	0	21.0288	0	0	274.901	0	0	168.703	0	318.762	0	0	0	0	93.6631	15.8012	180.225	9.22833	60.7804	589.115	0	128.34	19.899	21.2768	17.8229	0	0	42.6316	0	170.7	13.5134	0	0	0	52.4216	0	0	0	0	57.7998	0	140.396	148.233	0	29.4376	306.216	0	0	0	0	9.7432	0	431.506	18.4322	0	0	0	60.918	243.75	160.295	352.938	0	8.23378	204.991	66.5847	30.1792	0	0	0	0	249.746	134.455	327.472	145.663	0	5.79794	0	18.0703	91.5201	0	0	0	0	0	0	282.767	7.9727	66.1765	204.087	0	7.64967	454.669	0	8.24677	0	297.225	0	0	69.6108	0	0	0	0	0	104.405	0	0	360.696	372.889	179.521	161.665	15.8108	170.434	0	0	291.389	0	240.217	109.494	32.5848	0	372.889	0	0	0	0	7.86323	0	0	185.555	58.177	278.929	295.834	300.152	0	15.1636	0	258.021	10.1685	16.175	0	13.0859	37.7859	41.0668	0	77.1426	578.696	0	0	0	207.752	0	34.7662	0	368.127	0	0	0	0	16.7984	0	55.2323	0	50.2585	0	45.2473	0	0	0	589.115	0	10.3098	21.3269	6.32171	0	251.847	9.56973	453.305	93.1273	312.359	93.1273	13.7955	207.821	69.6083	43.4503	0	0	15.3122	167.38	0	0	69.8852	12.299	0	0	0	68.5189	0	0	0	0	394.491	0	0	0	87.8253	0	0	0	0	0	0	0	0	0	0	0	0	24.0641	0	0	0	8.57911	0	395.131	0	0	204.087	0	0	0	0	21.1292	0	0	0	0	0	0	0	0	0	0	38.2667	340.531	0	185.555	0	0	98.4733	0	0	105.326	160.189	67.1497	43.9047	0	0	0	12.7062	0	43.6153	40.3909	0	114.657	455.914	65.8523	128.873	589.115
Geiger_06	279.554	0	135.612	509.742	0	0	0	364.891	367.948	207.59	191.743	0	307.797	0	122.312	0	0	353.223	0	323.435	0	0	0	194.134	0	0	0	504.698	0	0	0	0	0	13.0344	21.5114	0	48.2557	41.7807	0	0	150.157	0	16.0456	0	0	229.241	0	0	281.588	0	412.096	0	0	0	0	0	30.5327	59.9058	0	187.881	567.87	0	266.632	0	0	0	0	0	50.3378	0	345.062	19.6686	0	0	0	27.1281	0	0	0	0	0	0	195.21	222.37	0	17.7633	427.065	0	0	0	0	0	0	485.688	0	0	11.8903	0	75.1667	245.477	56.1239	501.627	0	0	320.404	80.1379	0	0	0	0	0	256.296	286.031	275.303	185.54	0	0	11.4708	0	116.363	0	0	0	0	0	0	403.475	0	117.199	312.174	0	0	482.542	0	0	0	324.46	0	0	151.708	0	0	0	0	0	226.757	0	0	367.413	389.388	343.971	330.068	0	208.942	0	0	266.415	0	195.265	89.2113	0	0	389.388	0	0	0	0	0	0	0	128.63	29.7023	340.338	427.449	420.12	0	18.1336	0	370.78	0	0	0	0	70.3323	64.6042	0	72.3705	441.687	0	0	0	199.05	0	124.83	0	287.268	0	0	0	0	53.1831	0	47.3482	0	33.3845	0	150.467	0	0	0	567.87	0	0	0	0	0	390.363	0	638.046	110.815	453.061	110.815	0	265.457	153.636	61.4992	0	0	44.0277	118.163	0	0	64.8044	15.3618	0	0	0	46.9282	0	0	0	0	363.241	0	0	0	207.417	0	0	0	0	0	0	0	0	0	0	0	0	0	0	0	0	27.3952	0	246.73	0	0	312.174	0	0	19.1428	0	0	0	0	0	0	0	0	0	0	0	3.8656	0	441.011	0	233.674	0	0	189.547	0	0	19.0466	159.765	62.59	40.1582	0	0	0	0	0	67.0576	30.6493	0	36.0201	545.276	20.9753	310.116	567.87
Geiger_07	158.148	0	21.7901	261.265	0	0	0	469.279	466.778	312.118	78.3528	0	491.128	0	324.605	13.1687	31.9688	301.081	0	266.41	0	0	0	282.196	37.4551	0	0	401.428	0	0	0	32.7555	0	0	22.7393	0	50.1965	0	0	0	0	0	16.8128	0	0	340.184	0	0	113.255	0	307.842	0	0	0	0	0	0	272.926	0	34.349	654.558	0	36.5075	0	24.2454	0	0	0	162.889	0	95.7916	0	9.75378	0	0	15.6789	0	0	0	0	0	0	185.218	197.266	0	0	308.573	0	0	0	0	0	0	522.163	0	0	0	0	29.3731	280.172	190.481	282.806	0	15.4315	247.625	74.5296	27.2308	0	0	0	0	332.605	99.6345	463.75	77.2856	0	0	0	8.81322	159.091	0	0	0	0	0	0	239.672	7.18934	31.3018	283.907	0	17.8042	458.9	0	0	0	216.049	60.7255	0	30.5322	0	0	0	0	0	98.1596	0	0	419.303	425.306	204.619	185.657	0	192.894	0	0	287.629	0	305.124	190.568	0	0	425.306	0	0	0	0	20.1744	0	0	197.931	0	241.72	301.287	295.92	0	0	0	225.176	0	15.5193	0	16.3254	13.3787	15.4482	0	75.3974	552.411	0	0	0	283.04	0	64.6475	0	377.282	0	0	0	0	31.0659	0	22.9993	0	0	0	34.2592	0	0	0	654.558	0	0	0	0	0	185.05	0	500.802	107.268	434.696	107.268	0	253.391	62.7544	97.1165	0	0	14.5997	177.327	0	0	131.963	0	0	0	0	24.7671	0	0	0	0	467.118	0	0	0	81.9349	0	0	0	0	0	0	0	0	0	0	0	0	0	0	0	0	0	0	462.414	19.5436	11.4515	283.907	0	0	4.23299	0	0	0	0	0	0	0	0	0	0	12.2715	0	84.5331	282.854	0	197.931	0	0	113.973	0	0	89.5278	205.303	66.6805	14.734	0	0	0	0	0	33.6684	17.0299	0	133.447	458.255	30.9869	55.9022	654.558
Geiger_08	160.642	0	62.1888	286.135	0	0	0	351.157	341.292	235.422	131.98	0	401.076	0	177.801	7.25908	32.0522	266.464	0	235.952	0	0	0	200.168	0	0	0	354.441	0	0	0	51.3891	0	0	26.4134	0	26.9946	0	0	0	64.0798	0	21.4613	0	0	246.399	0	0	87.82	0	333.161	0	0	0	0	42.6793	11.3497	173.245	0	85.1717	582.007	0	63.1032	0	0	0	0	0	75.8049	0	150.061	20.6241	0	0	0	0	0	0	0	0	23.6538	0	156.77	172.935	0	23.4219	288.686	0	0	0	0	0	0	399.043	11.4117	0	14.6847	0	17.1839	233.372	196.321	267.219	0	13.7294	204.879	23.7249	27.3393	0	0	0	0	292.692	95.8144	372.789	111.753	0	0	0	4.53218	87.2666	0	0	0	0	0	0	272.598	15.2093	31.8383	180.069	0	0	456.818	0	12.367	0	248.503	26.9829	0	40.2144	0	0	0	0	0	143.674	0	0	348.537	347.686	181.83	163.888	0	235.548	14.4519	0	276.172	0	227.316	140.407	12.4355	0	347.686	0	0	0	0	0	0	0	213.47	0	229.686	288.75	286.413	0	17.7424	0	263.304	0	23.8334	0	9.09961	18.5783	19.7389	0	29.5852	444.441	0	0	0	256.015	0	97.4323	0	303.78	0	0	0	0	0	0	51.9404	0	42.42	0	60.44	0	0	0	582.007	0	0	0	0	0	238.937	0	457.213	146.005	446.658	146.005	0	277.539	79.2816	50.4314	0	0	17.9425	181.488	0	0	96.9289	8.17276	0	0	0	58.0078	0	0	0	0	349.773	0	0	0	122.915	0	0	0	0	0	0	0	0	0	0	0	0	0	0	0	0	0	0	345.069	0	0	180.069	0	0	0	0	0	0	0	0	0	0	0	0	0	0	0	41.2137	296.613	0	213.47	0	0	122.615	0	0	117.696	145.544	25.1671	23.7949	0	0	0	20.7645	0	0	39.3383	0	143.524	434.877	26.022	108.681	582.007
Geiger_09	371.792	0	87.1164	750.668	0	0	0	341.587	327.512	198.425	181.408	0	245.353	0	158.38	0	0	416.813	0	390.365	0	0	0	168.776	20.6776	0	0	767.827	0	0	0	21.7621	0	12.3529	23.6387	0	39.2769	0	0	0	62.637	0	17.9277	0	0	204.534	0	0	437.775	0	296.272	0	0	0	0	0	7.20524	147.619	0	273.851	613.7	0	477.23	0	36.5315	0	0	0	143.489	0	556.79	22.9052	0	0	0	0	0	0	0	0	0	0	214.113	248.692	0	18.8786	582.036	0	0	0	0	0	0	701.962	12.7098	0	0	0	155.747	261.71	33.0205	603.675	0	28.7134	391.702	33.8731	0	0	0	0	0	217.483	519.755	207.636	75.3308	0	0	0	0	108.785	0	0	0	0	0	0	288.786	0	130.144	226.407	0	0	625.842	0	8.26799	0	396.14	0	0	189.452	0	0	0	0	0	217.353	0	0	360.456	373.333	393.385	369.273	0	385.232	0	0	397.759	0	168.197	113.936	0	0	373.333	0	0	0	0	23.3942	0	0	232.862	0	407.913	616.003	593.541	0	15.3291	0	401.144	0	13.907	0	0	16.7709	13.6215	0	13.7096	459.404	0	0	0	167.634	0	143.356	0	347.185	0	0	0	0	8.23098	0	42.356	0	34.9792	0	270.954	0	0	0	613.7	0	0	0	0	0	287.057	0	820.744	226.569	501.643	226.569	0	444.656	108.912	0	0	0	15.441	117.612	0	0	48.0443	7.15302	0	0	0	38.7331	0	0	0	0	339.878	0	0	0	199.758	0	0	0	0	0	0	0	0	0	0	0	0	0	0	0	0	42.8607	0	205.878	0	0	226.407	0	0	27.5119	0	0	0	0	0	0	0	0	0	0	0	0	0	659.067	0	305.209	0	0	239.773	0	0	49.1972	189.26	11.4872	30.319	0	0	0	15.7233	0	29.3489	28.1732	0	20.8058	712.193	38.8677	500.11	613.7
Geiger_10	253.858	0	0	367.465	0	0	0	477.473	469.314	295.031	111.338	0	477.899	0	278.68	11.9669	0	314.814	0	280.321	0	0	46.3068	258.224	42.0971	0	0	477.798	0	0	0	37.6895	0	0	43.6807	0	63.9031	4.97252	0	0	116.24	0	35.0196	0	0	340.935	0	0	101.17	0	412.799	0	0	0	0	0	5.39466	227.121	8.74821	162.751	667.341	0	42.8831	19.2636	36.3586	17.1354	0	0	122.588	0	93.3353	37.2279	7.42814	0	0	24.0913	0	0	0	0	0	0	250.78	248.003	0	0	420.224	0	0	0	0	0	0	586.127	42.3642	0	9.6834	0	78.6311	330.948	166.775	417.854	0	10.0476	222.084	62.4826	0	0	0	0	0	407.429	159.148	448.166	139.644	0	0	0	7.49484	140.296	0	0	0	0	0	7.44681	335.623	15.5259	46.557	290.893	0	14.3098	511.178	0	31.6688	0	282.432	33.9112	0	30.5951	0	0	0	0	0	270.526	0	0	520.515	532.236	353.865	330.196	0	353.221	0	0	263.767	0	270.436	189.411	6.33434	0	532.236	0	0	0	0	29.7383	0	0	210.054	0	356.11	363.829	405.212	0	48.2761	0	235.697	0	23.0523	0	15.0714	11.015	12.5396	0	42.477	609.53	0	0	0	285.582	0	103.499	0	422.903	0	0	0	0	42.8785	0	75.7499	0	0	0	53.9029	0	0	0	667.341	0	0	0	0	0	400.386	0	612.28	231.302	513.358	231.302	0	406.985	187.298	82.2505	0	0	49.2343	175.453	0	0	145.166	28.3324	33.8687	0	0	71.1608	0	10.836	0	0	475.356	0	0	0	237.478	0	0	0	0	0	0	0	0	0	0	0	0	0	0	0	10.1066	18.9802	0	439.273	12.4915	11.109	290.893	0	0	4.98942	0	0	0	0	0	0	0	0	0	0	9.37641	0	76.3745	390.127	0	210.054	0	0	213	0	0	145.449	197.068	36.3157	12.2893	0	8.20859	7.55162	49.1017	0	88.9318	48.6397	0	114.719	553.183	61.8161	53.9918	667.341
RS0001_1171	282.458	0	105.142	275.789	13.5597	33.4946	0	357.188	339.242	258.329	52.3496	6.29866	316.605	0	213.031	27.26	0	281.606	0	246.754	0	39.6679	28.2256	228.714	4.16329	143.071	0	478.614	11.3143	5.57765	3.55931	45.0276	0	3.33674	28.8447	0	28.2832	36.9099	0	0	220.172	2.18774	27.2909	0	4.6169	267.362	0	4.35966	139.434	65.9012	278.705	0	0	1.03978	2.12159	94.7248	80.2526	202.191	11.0323	165.311	544.749	0	51.098	22.0736	46.6014	21.2513	31.1961	0	84.7071	0	129.23	9.9237	0	0	7.81608	28.1241	0	0	0	6.78218	31.1642	12.9921	226.62	226.334	0	47.6048	302.778	61.9656	0	7.00325	9.36786	1.45698	0	449.105	29.8913	1.6303	28.6881	2.15891	29.5767	291.407	114.506	393.513	0	6.78551	255.028	32.5065	0	9.49707	4.56346	9.74554	0	307.444	115.384	282.672	71.0835	0	10.693	55.1857	26.365	103.397	0	0	8.82067	22.6914	0	1.91625	230.403	10.6	30.6885	268.609	0	9.12466	430.766	0	5.16232	0	233.159	17.7633	0	29.0735	0	0	0	10.8095	0	152.466	0	4.12936	372.734	421.585	199.844	181.088	111.819	202.638	0	32.9001	367.497	0	257.657	85.5192	13.6119	0	421.585	4.22249	0	0	0	0	0	0	209.202	24.7193	283.558	272.036	289.855	0	23.9682	5.0204	258.588	42.1953	36.5122	0	32.9095	16.9104	18.2449	0	31.3048	526.705	4.50696	7.35383	4.15362	288.395	0	124.802	2.70467	373.024	9.6481	0	0	1.66423	96.8679	7.72922	48.7833	0	81.351	0	40.1778	0	0	0	544.749	24.8982	74.573	99.8981	51.2663	20.3587	222.108	88.662	450.578	129.804	369.251	129.804	107.27	227.944	23.6521	83.7081	0	0	29.9574	175.826	0	12.2257	94.9845	2.12616	19.8092	2.7078	0	47.1957	0	44.719	3.31988	0	357.644	16.7404	32.9975	0	131.423	4.90976	0	0	0	0	0	0	0	0	0	0	3.55097	146.046	0	0	5.08562	0	66.4082	365.717	1.23771	0	268.609	0	0	46.9845	17.1654	98.3703	0	0	6.30418	4.23379	0	0	41.527	41.527	0	0	46.9932	290.245	3.66067	209.202	0	5.08683	158.092	0	5.05204	68.8904	215.201	13.6451	95.5609	0	3.35468	6.90197	13.8462	18.755	78.693	92.3323	0	79.0587	398.443	69.2692	87.2444	544.749
RS0001_1173	288.118	0	124.744	267.215	0	37.8766	0	388.097	377.268	317.79	65.6332	9.77446	339.743	0	222.793	20.3609	0	336.489	0	299.956	0	38.2858	26.7718	264.041	7.57542	197.649	0	498.71	10.7784	8.77917	5.62335	25.3282	0	2.05069	38.3581	0	40.1728	54.3722	0	0	226.982	2.57011	36.8891	0	0	289.249	0	5.11731	114.894	62.8343	269.24	1.17078	2.27045	0	6.24797	107.999	99.9194	245.736	17.8027	195.03	597.784	0	36.211	31.5102	52.223	33.81	73.678	0	91.2531	0	129.572	10.7606	1.25156	0	14.3609	27.6138	3.08161	0	11.7691	5.13402	11.2191	7.18346	229.789	252.695	0	39.7826	360.595	79.9896	0	0	0	0.699487	0	405.697	37.3978	0	27.5171	2.48909	17.1047	337.652	122.602	399.7	0	6.94878	308.182	97.6586	0	4.12888	0	10.3015	2.61118	355.695	106.982	301.292	61.5032	0	10.8989	72.7847	17.3579	106.896	0	0	20.7331	34.4118	0	1.99471	224.091	18.4973	20.338	325.449	0.598977	17.3892	483.635	0	2.88494	0	303.165	26.0819	0	22.5665	0	0	0	7.94605	0	186.809	0	6.34911	383.523	425.4	230.914	210.056	166.26	226.363	16.1995	21.9236	395.971	0	338.085	109.719	8.13506	0	425.4	6.6626	0	0	0	0	0	0	258.925	22.5271	338.198	327.5	348.896	0	33.971	7.82021	282.647	72.52	21.6518	0	24.8834	17.3474	18.662	0	30.8012	545.569	0	0	0	294.783	0	151.437	3.1865	423.44	6.70833	0	0	0	96.0269	0	99.5607	0	69.5863	0	21.0187	0	0	0	597.784	23.8567	116.751	145.466	88.0617	23.2781	230.746	148.431	492.896	145.401	417.216	145.401	165.861	254.546	24.374	90.2127	0	0	40.8277	214.822	0	14.5337	122.204	0	18.5257	3.19477	0	95.9406	0	10.4709	5.24876	0	388.052	17.0545	21.9737	0	163.049	7.73895	0	0	0	0	0	0	0	0	0	0	0	204.324	0	0	0	0	78.5418	394.213	1.89956	2.06931	325.449	0	6.57358	42.9942	12.2042	142.513	0	3.24627	6.50412	6.68313	0	0	52.0907	52.0907	1.55144	0	22.4098	267.948	0	258.925	0	7.9842	173.887	0	5.19907	89.2287	275.669	26.103	87.1444	0	8.3287	13.4613	5.27134	19.4313	133.219	106.553	0	84.6251	419.831	54.1573	82.6205	597.784
RS0001_1180	348.98	0	184.269	340.335	3.71925	67.4591	0	159.4	192.077	215.386	89.1098	7.69118	293.862	0	203.075	2.79825	15.1968	304.251	0	285.973	0	0	68.1596	207.387	12.6601	209.621	0	545.553	1.7981	6.79353	4.28164	30.834	5.83138	2.86785	6.41485	0	4.89182	5.71149	0	0	300.855	1.26575	8.16639	0	3.91354	76.9301	0	2.50705	138.386	23.4676	307.038	2.09767	0.603015	3.71371	1.47417	45.356	196.41	221.434	9.17258	240.327	417.572	0	90.7634	19.9865	17.5593	17.6781	8.16494	0	78.0722	0	198.754	6.98354	0	0	0	24.9139	0	0	0	0	8.4631	1.8647	357.051	316.565	0	16.3123	343.914	14.5954	0	3.75037	0	0	0	359.661	39.0764	0	2.62463	1.26357	5.58026	296.235	155.77	507.397	0	4.98074	293.578	65.3741	12.8046	3.44418	3.71498	82.497	0	288.484	137.036	270.755	64.6518	0	1.74961	73.8175	1.75858	86.0576	3.95145	0	0	20.1359	0	1.08029	301.807	17.4887	56.2851	188.711	1.76237	0	426.076	0	13.6665	0	345.717	2.22325	0	91.6605	0	5.49129	0	51.2606	0	252.046	0	4.97905	252.123	307.181	323.101	309.297	248.182	239.155	0	82.5727	314.87	0	251.992	118.314	6.987	0	307.181	5.13018	0	0	0	8.97205	0	0	123.8	18.3235	305.102	299.336	336.694	0	3.93855	6.0963	137.519	34.7002	17.2577	0	3.57804	53.208	54.2425	0	70.8184	357.507	0	0	0	464.068	0	262.732	0	120.179	8.22419	0	0	0	91.8442	0	23.6583	0	30.486	0	71.7277	0	0	0	417.572	3.11808	182.545	182	122.257	33.7632	71.89	228.376	436.465	194.59	417.479	194.59	272.912	260.307	12.5824	31.5439	0	0	5.66508	149.305	0	0	44.9673	0	49.4371	1.57983	0	20.6662	0	111.753	3.99856	0	159.755	40.7367	83.7108	0	225.765	5.96744	0	0	0	0	0	0	0	0	0	0	0	217.521	0	0	0	55.1169	49.0464	93.3857	1.74773	3.24809	188.711	0	12.2788	42.6602	181.403	197.095	0	0	0	5.13491	0	0	8.88074	8.88074	0	3.79578	0	275.255	5.19872	125.932	0	6.18181	206.124	0	0	79.5152	242.945	8.91752	74.8561	0	0	0	24.7456	3.86827	47.7953	115.368	0	116.373	464.142	52.8377	155.349	417.572
RS0001_1181	361.171	0	231.536	403.27	5.8545	75.0619	0	196.858	186.759	218.679	145.887	18.3258	268.804	0	103.118	9.3384	18.5257	402.793	0	392.077	0	0	80.3207	202.055	7.63423	215.654	0	545.758	0	16.752	10.6341	23.4849	0	0	9.56199	0	7.57417	10.8823	0	0	354.702	0	11.1075	0	7.74914	124.056	0	0	234.84	0	402.983	0.965183	0.878559	4.09547	0	53.7906	222.851	231.884	11.0599	210.068	434.372	0	197.262	24.3542	27.6018	21.1485	5.15584	0	36.7419	0	337.219	9.46887	0	0	0	34.3031	0	0	3.26416	0	15.9056	3.14685	367.395	373.252	0	0	414.418	19.0235	0	3.7402	0	0	0	360.916	40.3641	5.57769	0	0	7.17635	282.23	180.943	537.05	0	6.53187	383.749	72.1291	15.5852	2.04369	7.05968	95.3337	0.926169	287.257	273.755	239.656	50.5211	0	0	76.2407	6.74394	68.116	1.5232	0	0	23.986	0	1.12389	402.432	28.2917	77.3305	280.599	0.3587	1.10572	520.316	0	1.97254	0	462.367	0	0	144.655	0	3.01501	0	56.377	0	320.456	0	11.7899	243.466	321.53	297.964	285.078	283.662	262.721	26.7192	106.472	422.004	0	273.213	169.377	4.09025	0	321.53	12.7399	0	0	0	11.7765	0	0	209.56	37.8926	391.558	411.904	409.676	0	6.11018	14.8029	265.33	42.2949	3.87283	0	11.8923	93.5874	88.4331	0	101.795	480.933	0	6.66426	0	416.729	0	235.957	0	200.62	0	0	0	0	120.383	0	58.894	0	0	0	133.645	0	0	0	434.372	0	230.97	230.585	173.614	31.3529	108.917	288.313	526.562	218.074	485.594	218.074	307.378	279.24	14.1888	47.0932	0	0	7.74051	178.523	0	0	98.2477	0	55.2882	0	0	47.1111	0	39.1973	9.95791	0	197.578	47.6425	107.965	0	296.051	14.7689	0	0	0	0	0	0	0	0	0	0	0	221.445	0	0	0	9.1409	45.0171	151.641	0	0	280.599	0	11.0613	56.5715	48.9825	253.752	0	0	0	12.7555	0	0	11.6886	11.6886	0	0	9.26637	317.694	0	231.146	0	15.2815	279.478	0	0	80.2842	231.898	19.0828	87.0958	0	0	0	3.78026	5.74617	111.477	202.751	0	144.245	559.169	53.1833	292.066	434.372
RS0001_1196	289.725	0	70.8897	292.373	9.39657	26.1026	3.7147	330.496	335.658	235.017	69.5601	16.9068	230.429	0	174.656	9.60085	3.61167	285.607	0	249.321	0	22.1271	25.3572	213.27	9.54952	179.371	0	465.507	5.06545	16.7317	10.9605	59.6917	0	5.9283	26.6259	3.00114	49.6669	37.6048	3.00079	3.00114	223.917	3.11596	28.9426	0	19.5796	248.593	0	2.49111	176.405	52.9935	262.77	1.65699	0	3.02496	3.02496	66.3617	89.9099	200.767	17.217	145.379	524.576	0	76.9624	35.3563	23.1481	32.4784	22.8446	0	71.3424	0	158.484	0	10.3953	0	0	22.0523	3.18249	0	0	31.3352	20.1789	0	241.18	242.132	0	49.1476	318.816	51.28	5.90337	4.87131	0	0	0	402.547	26.8243	0	28.7427	1.22385	12.374	265.955	130.166	418.388	0	7.55015	259.657	88.3306	3.01596	0	17.1333	21.8359	3.18628	279.493	147.22	195.729	59.8524	0	5.05183	56.0656	6.36457	76.6256	0	0	18.6365	34.3843	0	0	240.736	7.26977	21.9762	284.708	1.79735	0	432.741	0	12.2057	0	356.116	8.98127	0	51.041	0	0	0	13.0232	0	189.489	0	10.6342	308.292	356.422	183.1	165.156	157.063	207.665	18.0626	22.4839	369.386	0	245.456	67.0898	0	0	356.422	12.8492	0	0	0	4.65029	0	0	187.759	26.4617	290.942	280.457	303.953	0	44.9337	13.7363	248.717	32.9718	43.4118	0	12.1233	22.3432	20.6742	0	24.2	474.023	9.58474	0	0	303.776	0	124.05	1.54983	288.414	16.3904	0	0	3.09805	72.8867	13.1326	33.3085	0	84.2398	0	56.8112	0	0	0	524.576	28.8257	108.235	132.577	77.85	7.06026	190.966	142.404	435.424	139.112	370.43	139.112	158.713	228.071	28.5655	68.2614	0	0	45.3502	170.841	0	8.79595	97.1894	0	16.6969	1.55581	0	30.1582	0	15.9257	10.2087	0	330.317	23.2458	22.6823	0	165.213	14.8565	0	0	0	0	0	0	0	0	0	0	5.43101	185.414	0	0	0	14.9656	52.2271	314.622	16.3518	14.2084	284.708	0	5.2829	39.2589	24.2458	131.468	0	3.37251	4.75684	12.9251	0	0	33.3871	33.3871	11.9501	0.515018	23.4276	261.929	0	187.759	0	15.2703	167.698	0	3.79854	52.3322	226.409	20.4038	65.4472	0	7.40372	13.1397	19.7952	13.4057	59.1662	124.109	0	97.7751	436.696	68.6025	130.679	524.576
RS0001_1197	242.663	0	63.9203	196.658	7.57455	23.7397	3.81687	407.91	398.922	241.939	42.4266	4.45877	297.699	0	277.664	30.8863	0	271.45	0	236.676	0	28.0655	33.5684	214.675	11.2312	144.991	0	439.543	8.5202	3.95866	2.51659	32.2992	0	1.67675	43.2432	1.98079	53.0659	38.5127	1.96583	1.98079	185.118	0	41.2671	0	17.5816	292.522	0	0	145.84	46.866	231.968	0.781616	0	0	2.53822	62.0448	62.05	177.873	14.2172	183.807	616.08	0	29.6783	25.1418	47.2062	27.1684	24.2955	0	121.033	0	117.7	5.97569	4.62939	0	0	27.5923	2.80479	0	6.35986	16.5712	23.8742	6.19367	204.232	200.465	0	41.2079	311.846	35.908	8.26798	3.87571	0	0	0	454.994	27.4713	8.94798	19.9996	0	21.6738	298.649	101.623	379.106	0	6.07014	203.875	80.3105	0	6.91252	15.1727	14.2408	0	308.727	118.209	257.992	105.115	0	7.58188	45.9952	36.579	114.992	0	0	17.7226	27.6167	0	0	171.811	8.06931	23.6714	246.601	0.630249	3.4918	419.108	0	9.81094	0	187.97	4.07266	0	18.5078	0	0	0	9.69396	0	135.573	0	2.89647	341.876	426.446	146.208	129.123	117.411	182.647	4.30975	17.0913	359.535	0	243.437	82.8937	9.13146	0	426.446	2.99112	0	0	0	1.65977	0	0	230.089	18.199	264.465	254.678	295.957	0	46.2259	3.53667	288.584	60.6162	35.7016	5.38258	36.9794	13.8263	15.1119	0	29.6974	489.906	5.87179	13.1331	5.56122	208.242	0	81.9586	0	329.494	16.2971	0	0	0	78.6873	0	60.5218	0	72.3964	0	18.3804	0	0	0	616.08	17.1063	69.005	91.5986	47.8348	8.74979	185.747	102.83	445.667	104.327	311.071	104.327	111.769	222.913	14.3086	81.4704	0	0	47.0467	182.331	0	0	133.144	0	24.3289	0	0	61.4335	0	25.8479	2.34771	0	407.692	22.4252	17.1178	0	114.667	3.48074	0	0	0	0	0	0	0	0	0	0	0	145.956	0	0	4.32213	12.4605	44.6053	343.294	7.1554	7.40034	246.601	0	5.02595	35.0764	13.5698	87.2272	0	2.95031	0	2.99812	0	0	23.6728	23.6728	5.59311	0	25.9229	212.259	0	230.089	0	3.60768	166.016	0	0	82.6235	204.455	25.4213	62.7867	0	7.11875	13.1016	16.7055	11.9908	86.8384	102.399	0	69.425	425.46	61.5355	77.5335	616.08
RS0001_1206	362.382	0	125.946	222.569	0	43.6958	4.40392	333.751	353.338	280.768	49.8002	1.94932	298.021	0	222.175	12.0444	3.89187	334.014	0	306.633	0	26.0056	20.3071	224.98	11.9734	214.729	0	518.579	5.9422	1.68511	1.05878	10.2449	0	0	5.06366	0	8.38755	18.4995	0	0	199.824	2.59656	4.06208	0	25.1059	248.768	0	0	77.609	50.0214	180.402	0	5.62531	0	2.95991	61.7414	130.894	254.04	4.29031	203.71	550.083	0	5.79509	7.4502	31.7799	8.46889	43.1726	0	92.2927	0	108.002	13.1695	0	0	0	34.9595	0	0	0	2.52034	25.8374	3.85417	376.275	325.646	0	32.0067	379.039	55.1658	0	0	0	0.941667	0	441.947	39.3938	4.46727	7.03116	0	28.2815	329.015	141.037	474.103	0	7.43898	316.191	59.5006	3.24946	0	20.446	57.7016	0	341.373	114.762	261.189	65.3139	0	5.99464	68.9294	8.97893	159.736	6.31861	0	0	9.66845	0	2.79647	162.264	13.2972	19.9099	287.045	0	4.45318	477.903	0	52.9069	0	253.579	0	0	6.09397	0	0	0	26.7776	0	174.465	0	1.25403	352.905	363.183	259.16	236.409	193.112	198.374	18.5729	41.627	341.982	0	298.438	108.205	2.88908	0	363.183	1.26686	0	0	0	0	0	0	143.659	19.8841	332.579	322.328	370.079	0	2.54887	1.5361	180.79	75.0744	13.7139	2.6698	15.0834	4.97037	10.7431	0	40.7744	444.975	0	0	0	368.373	0	234.346	0	365.566	13.2832	0	0	0	65.7489	0	35.1724	0	51.5566	0	15.3353	0	0	0	550.083	7.50326	134.372	139.975	88.4185	0	243.632	183.738	462.765	140.14	426.778	140.14	216.257	224.021	38.4765	87.1054	0	0	2.83335	166.051	0	12.2308	53.1097	0	14.369	0	0	32.0083	0	82.8833	0.987442	0	333.354	11.2244	41.7692	0	150.057	1.47672	0	0	0	0	0	0	0	0	0	0	0	236.923	0	0	0	32.1872	54.7116	312.229	0	5.07461	287.045	0	11.1606	40.8365	108.549	149.224	0	0	7.76584	1.2677	0	0	32.448	32.448	0	0	70.4066	186.84	0	143.659	0	1.53222	178.976	0	6.24845	72.2912	292.056	10.199	59.1086	0	0	0	72.1639	11.5686	63.5945	48.7515	0	102.052	446.934	14.3842	83.6943	550.083
RS0001_1218	290.632	0	117.563	136.115	14.404	54.6014	4.21039	379.877	375.957	252.129	47.0313	14.7092	348.379	0	255.35	9.86619	0	236.395	0	203.492	0	23.1572	36.1185	241.19	5.97473	161.496	0	451.852	7.19421	13.4478	8.7575	8.27655	3.9373	5.76575	43.1497	2.24299	41.5345	33.9547	2.25085	2.24299	194.751	3.33667	40.9691	0	4.14355	275.95	0	0	114.569	59.0345	164.962	1.7706	0	0	0	65.3501	72.2143	203.855	4.20061	168.882	563.271	0	3.49047	6.71082	49.0817	8.2848	39.0144	0	108.586	0	54.0284	17.6839	0	0	0	22.5773	5.87666	0	0	5.58142	24.0948	2.72725	191.245	190.323	0	40.092	291.743	74.1634	7.93731	7.46023	0	2.36506	0	403.483	37.3199	3.83582	5.62144	0	6.48511	322.812	150.481	379.477	0	9.57367	197.025	75.2036	0	0	4.06203	36.3689	1.41629	323.505	97.071	315.507	101.635	0	6.70021	74.7479	6.33563	92.4308	0	0	9.89961	9.4253	0	11.0441	116.041	14.383	36.6434	248.771	3.7432	5.85309	400.727	0	25.3796	0	201.258	0	0	4.6387	0	0	0	26.9747	0	174.481	0	9.84713	352.228	409.36	183.542	164.945	129.011	235.236	38.1428	42.9962	337.193	0	244.114	83.695	11.1048	0	409.36	10.2873	0	0	0	0	0	0	197.772	26.1583	267.204	254.475	280.494	0	36.5388	11.8337	232.465	47.1349	12.4397	0	12.3441	3.97965	13.6517	0	24.1506	469.516	3.78182	20.1928	3.59309	288.601	0	122.936	0	331.912	8.07575	0	0	3.00989	111.936	13.355	53.9258	0	66.5251	0	44.6498	0	0	0	563.271	6.27233	55.738	68.54	32.2631	0	203.54	102.678	426.749	158.703	281.785	158.703	120.873	265.301	11.7461	68.4815	0	0	36.6237	208.413	0	0	120.631	0	34.5979	0	0	50.3573	0	39.95	8.17169	0	379.765	26.8425	43.1894	0	151.001	11.919	0	0	0	0	0	0	0	0	0	0	2.64168	160.798	0	0	0	9.39293	40.0887	319.362	0	4.5372	248.771	0	6.09928	41.1903	64.8628	67.3757	0	5.16284	0	10.3502	0	0	51.7443	51.7443	0	0	38.4722	146.569	0	197.772	0	12.3074	198.928	0	0	137.278	187.986	15.5844	100.754	0	5.17543	10.5475	34.4735	15.151	86.2789	87.7329	0	107.066	397.562	103.603	30.0439	563.271
RS0001_1221	315.058	0	96.9463	239.443	8.29879	42.2401	0	327.43	325.176	258.822	68.4245	8.41652	327.116	0	247.641	12.4311	15.7824	302.528	0	273.72	0	39.0071	32.597	225.733	0	204.915	0	459.199	7.33968	7.09579	4.51617	22.5597	0	0	29.1304	1.14524	24.8962	48.8823	1.13952	1.14524	228.118	2.84226	34.2842	0	1.01645	238.834	0	5.65074	98.0965	50.3155	236.084	2.14467	0	2.60009	1.06695	66.9991	108.325	216.311	12.0683	182.319	549.152	0	22.7646	21.6927	45.4834	23.2275	48.614	1.99708	105.223	0	118.381	18.1656	0	0	8.51678	18.2993	0	0	3.91823	0	19.4769	9.28563	308.432	280.428	0	37.8982	339.952	64.5504	0	4.22601	0	3.34289	0	447.116	44.2975	1.93983	21.8027	2.82627	13.0843	318.864	154.654	422.561	0	6.6845	275.81	57.2166	13.2907	0	1.01021	33.7903	2.33295	328.691	106.508	293.105	99.2742	0	7.45707	76.1149	8.30579	113.356	4.70724	0	2.25498	25.5259	0	0.782785	193.72	17.0162	25.5005	264.388	0	11.7822	448.768	0	16.2218	0	255.028	6.94269	0	20.3387	0	5.01428	0	15.1066	0	206.269	0	5.21455	335.935	366.625	218.279	197.473	180.672	232.341	24.8139	31.9627	361.636	0	268.519	115.525	1.99287	0.767735	366.625	5.37106	0	0	0	6.90678	0	0	182.779	20.8867	311.335	298.735	325.913	3.07335	20.7073	6.72328	218.116	80.13	20.6144	2.13963	15.4956	12.3167	13.0877	0	19.3942	456.945	0	0	0	341.669	0	173.032	3.5136	363.798	7.47076	0	0	1.29464	80.0042	6.25269	91.6441	0	65.898	0	22.2407	0	0	0	549.152	20.2753	101.15	118.246	62.9661	18.6552	201.284	158.666	460.088	168.787	367.661	168.787	183.926	249.942	20.7711	85.8171	0	0	31.0936	190.46	0	11.5345	92.4498	0	24.4346	3.5177	0	87.607	0	30.7546	4.21258	0	327.368	20.974	32.215	0.671947	181.667	6.24404	0	0	0	0	0	0	0	0	0	0	0	211.889	0	0	0	11.3833	66.9621	307.835	0	3.33415	264.388	0	3.57163	38.5728	39.5368	119.082	0	0	5.19908	5.38258	0	0	40.9651	40.9651	0	0	29.1902	242.313	0	182.779	0	6.46056	179.557	0	4.16789	64.8691	266.443	12.2038	88.112	0	0.827133	1.81445	25.338	18.6601	125.819	105.715	0	112.034	422.413	37.6124	76.7316	549.152
RS0001_1222	231.891	0	119.655	247.401	7.29176	44.8985	0	258.043	252.705	183.235	54.733	12.5156	266.499	0	231.824	18.0791	13.8465	257.075	0	237.235	0	46.38	37.7943	167.294	0	153.079	0	414.63	9.12088	11.2195	7.22969	56.6805	0	10.7695	20.7854	0	26.373	48.9315	0	0	197.274	0	21.0584	0	5.9558	175.09	0	0	126.49	80.3144	232.688	0	4.8004	1.87067	2.03926	95.8233	79.3134	199.285	13.9044	162.663	499.224	0	57.3676	27.8267	38.3741	26.1399	44.2065	0	91.8619	0	122.976	5.37404	3.53186	0	8.51981	32.8832	0	0	0	13.6514	7.43134	5.43303	200.415	209.416	0	58.5696	260.799	81.9315	0	3.71628	0	1.50784	0	339.7	40.321	23	33.5036	0	0	215.518	113.725	327.585	0	3.54744	227.59	84.0443	11.6564	6.23097	5.75026	16.8804	2.37243	221.428	119.708	234.361	58.8242	0	8.95194	77.4934	17.713	56.3031	0	0	17.3617	27.6799	0	3.14352	208.229	6.96458	26.5103	230.732	2.34464	8.34761	350.662	0	27.7113	0	261.352	1.85614	0	36.5899	0	0	0	24.7324	0	179.584	0	8.21813	244.791	256.421	188.679	174.745	129.118	191.618	4.31214	21.4616	275.444	0	194.185	82.9655	8.07758	0	256.421	8.55289	0	0	0	7.30954	0	0	179.346	41.8521	234.984	234.794	253.095	13.778	22.7054	10.0723	214.429	56.3845	33.3096	0.641045	22.3192	21.7869	23.3523	0	37.3791	399.962	0	0	0	277.16	0	141.156	0	269.479	9.98942	0	0	0	92.7554	0	65.3613	0	95.0254	0	37.9563	0	0	0	499.224	30.2499	84.9216	99.7887	57.0023	42.5666	176.338	111.295	364.276	126.037	307.615	126.037	130.929	213.194	13.8183	94.6978	0	0	22.6871	150.879	0	9.43659	74.4183	2.70592	27.3156	0	0	61.9981	0	27.7713	6.75243	0	258.202	26.2962	21.4991	0	159.797	9.91194	0	0	0	0	0	0	0	0	0	0	3.31428	159.775	0	0	6.61189	10.4501	68.1722	224.577	5.56984	14.1587	230.732	0	6.00169	53.9235	42.6818	101.162	0	0	4.33259	8.57883	0	0	55.4965	55.4965	4.37026	0	9.33134	233.632	0	179.346	0	10.2364	126.693	0	3.45897	42.0778	190.514	31.9182	89.2318	0	6.92037	11.5268	40.186	21.5356	98.7409	93.7784	0	80.6255	345.427	40.7769	94.0423	499.224
RS0001_1223	337.898	0	118.706	239.676	4.45548	36.9128	6.29794	395.158	404.467	281.828	42.8845	0	299.054	0	220.453	23.4838	5.84969	323.346	0	285.55	0	33.1201	29.2902	243.536	9.69768	157.564	0	475.045	10.0965	0	0	19.7119	8.58971	6.42252	20.2419	0	20.3232	34.0605	0	0	224.453	2.73766	19.47	0	0.609169	281.053	0	0	94.5752	55.524	264.807	0	0	1.67045	1.03649	56.7924	81.764	206.864	13.0905	147.904	613.159	1.25439	17.8931	24.3421	34.1925	25.1431	50.8208	1.4156	90.2268	0	94.1052	10.5543	0	0	0	24.4683	4.15001	0	0	0	19.4471	4.42171	329.477	280.804	0	34.4383	348.221	56.4468	0	2.25029	2.05838	0	0	458.166	35.3222	8.35058	20.4246	0	5.73844	312.454	123.227	428.331	0	6.83124	274.819	58.5467	4.88868	3.77892	0.606469	17.474	1.71102	327.72	111.277	260.591	87.8416	0	10.0488	65.4739	18.4966	149.361	3.97299	0	16.0226	26.7156	0	0.641319	208.029	11.6377	25.3318	271.611	3.55273	0.904183	471.343	0	13.6001	0	220.379	11.5473	0	17.6021	0	3.42294	0	8.04819	0	174.796	0	0	388.258	441.088	164.76	146.126	130.53	211.348	30.0657	21.3751	411.49	0	279.639	87.9999	8.52694	0.542735	441.088	0	0	0	0	2.36341	0	0	203.324	32.1542	326.072	317.535	338.048	0	15.0553	0	262.905	61.3902	19.2578	7.18361	28.5357	10.2649	15.8053	0	27.9715	478.645	0	14.677	0	291.451	0	139.566	0	425.996	15.2763	0	0	0	90.2512	0	67.7547	0	61.5487	0	18.6329	0	0	0	613.159	19.0182	69.3737	89.1116	43.2277	6.01755	219.635	106.548	464.821	139.034	366.381	139.034	124.321	239.86	8.42496	71.2732	0	0	19.0411	182.938	0	10.7496	99.8749	4.9352	21.0199	0	0	66.3554	0	46.4107	0	0	394.066	17.6817	21.4092	0.474973	150.73	0	0	0	0	0	0	0	0	0	0	0	3.41909	158.729	0	0	0	10.9774	45.8714	376.371	0	1.9285	271.611	0	5.7103	35.4283	44.512	86.9872	0	4.35413	5.02003	0	0	0	36.262	36.262	0	0	0	253.124	0	203.324	0	0	179.022	0	4.31842	77.3196	264.167	23.8198	72.8834	0	6.3151	12.3862	21.6893	18.125	100.877	99.3302	0	86.6798	402.921	56.1044	59.0989	613.159
Stahl_01	0	365.129	201.548	481.053	0	0	0	300.805	421.922	375.782	94.8586	0	0	457.949	309.125	16.4022	83.164	0	412.674	0	433.463	0	271.246	337.57	0	0	459.016	0	0	370.128	0	18.1031	0	25.8748	0	0	0	120.362	0	0	105.806	0	0	0	0	0	128.784	0	347.219	0	170.698	0	0	0	0	0	0	67.3887	0	230.554	463.773	0	266.079	0	0	0	0	323.255	0	411.433	429.66	0	0	103.644	0	143.512	0	303.841	0	0	0	0	532.856	0	457.069	216.225	507.876	0	0	0	166.694	0	391.463	0	0	0	49.338	0	316.883	531.121	263.718	0	562.12	95.9863	0	0	68.6476	0	0	0	0	537.083	303.841	451.594	0	139.718	0	0	0	299.555	0	300.395	24.1395	0	329.981	259.514	171.306	0	212.365	251.426	0	0	0	554.105	0	481.44	0	0	127.556	0	24.1532	0	160.016	0	0	685.321	248.68	272.94	536.681	542.44	496.198	497.544	273.443	353.495	0	381.418	0	376.818	329.292	0	248.575	141.543	542.44	344.888	365.862	0	249.471	0	49.7798	307.157	0	0	412.929	455.31	496.077	0	0	0	428.409	0	24.4686	0	21.4536	0	167.331	0	281.077	679.541	192.098	0	205.654	0	409.621	290.954	29.9861	0	0	123.246	130.076	0	0	0	0	353.914	0	243.505	0	280.457	15.939	26.0319	456.528	41.4857	0	0	183.695	0	411.168	253.96	0	206.876	629.189	206.876	315.383	453.61	423.171	0	397.055	130.33	0	273.418	124.215	0	7.70869	0	86.2053	0	208.661	0	423.574	227.454	10.4072	123.594	0	0	0	129.368	704.195	346.582	0	554.105	554.105	376.585	252.098	515.209	292.291	0	378.898	318.059	0	373.015	131.142	23.5997	0	240.656	0	537.461	316.771	137.371	251.426	277.805	0	259.09	332.54	0	37.6204	0	0	0	333.544	9.65331	0	0	9.96107	0	201.465	0	358.096	0	478.416	0	0	274.494	0	156.438	26.238	0	0	9.31512	0	0	0	0	0	0	9.32059	205.945	602.438	0	597.732	472.754
Stahl_02	0	183.398	206.123	430.486	0	0	0	487.665	482.1	359.462	0	0	0	421.411	335.237	0	7.48032	0	185.109	0	203.087	0	13.0341	357.961	13.1382	0	326.256	0	0	0	0	24.2787	15.536	30.2089	0	0	13.017	43.6611	0	0	116.224	0	0	20.7189	0	0	341.392	0	518.947	0	250.642	0	0	0	0	0	0	210.205	0	136.428	466.325	1.8327	0	0	51.2178	0	0	335.995	0	149.654	127.48	0	0	0	0	14.4171	0	162.25	0	0	26.8313	0	167.57	0	168.086	0	360.013	0	0	5.46649	0	0	604.611	0	0	0	3.66862	0	28.258	388.831	0	0	432.12	6.38573	0	0	6.2599	0	0	0	0	434.475	162.25	394.463	0	0	0	0	0	218.364	0	45.3705	0	0	0	9.75169	188.879	0	6.90134	284.199	0	11.5016	0	520.177	0	31.6169	0	0	0	0	15.6045	0	221.714	0	0	137.648	105.396	0	450.979	563.835	336.303	309.465	0	0	0	0	0	114.306	330.426	0	10.0112	0	563.835	0	0	0	0	0	9.4724	268.906	0	17.9597	339.227	341.722	362.786	0	14.1995	0	412.158	0	24.3798	0	0	0	10.7491	0	17.1488	360.074	0	0	0	0	257.486	111.349	5.81619	0	0	320.015	0	0	0	0	0	88.1852	0	0	0	0	20.0907	0	196.155	0	0	0	0	0	74.944	0	0	0	421.299	0	0	0	42.4212	0	228.655	428.841	53.6956	115.668	94.4535	0	39.5691	0	0	74.6207	0	0	113.317	0	0	0	0	0	0	0	116.019	0	17.8197	520.177	520.177	160.548	0	363.933	123.336	0	217.552	10.7143	0	0	0	69.5594	0	77.5451	0	383.71	23.1632	0	284.199	0	0	55.6296	0	0	0	0	0	0	0	27.2677	0	0	0	0	0	0	0	0	408.432	0	0	168.991	0	15.2894	0	16.9855	27.5092	9.0292	0	0	0	0	0	0	11.4289	38.0613	359.659	0	108.1	604.075
Stahl_03	0	729.503	357.72	687.129	0	0	0	653.945	915.018	722.103	8.09884	0	0	996.153	468.38	0	29.5119	0	316.496	0	773.454	0	21.8714	599.155	2.76456	0	721.984	0	0	5.04963	0	16.6537	4.44203	13.2976	0	3.51304	3.74829	99.7237	0	3.51304	71.1557	0	0	10.7802	0	0	307.392	0	553.553	0	338.838	0	0	0	0	0	0	259.207	0	646.977	1032.92	1.85705	16.5744	0	0	0	0	524.297	0	406.409	269.027	0	0	0	0	11.4829	0	203.963	7.78059	0	4.10166	0	991.622	0	835.101	8.65928	896.813	0	0	0	5.11105	0	599.522	0	0	0	18.7176	0	116.137	928.41	29.5281	0	860.448	30.0743	0	0	24.7507	0	0	0	0	920.091	203.963	1001.75	0	8.50564	0	0	0	688.528	0	98.0034	10.7349	0	5.82552	32.2234	339.102	0	11.4553	183.722	0	0	0	1018.08	0	73.1605	0	0	3.42637	0	0	0	242.339	0	5.96925	466.304	180.962	3.7893	835.556	793.35	892.845	871.235	7.89564	11.8018	0	16.2759	0	183.171	617.493	0	33.9702	15.6361	793.35	4.67465	5.93449	6.24415	6.34709	0	17.6417	208.009	0	14.4937	510.786	504.6	885.654	0	6.22043	0	352.798	0	0	0	0	4.1749	8.31483	3.90846	52.1778	312.542	11.5987	0	9.91721	0	915.749	706.673	8.20211	0	0	130.031	3.12522	0	0	0	0	93.6887	0	4.81489	0	5.60299	0	6.40259	51.778	12.1387	0	0	4.52771	0	200.011	6.78236	0	5.08743	1016.71	5.08743	10.1255	20.0582	111.233	0	176.669	296.964	25.1765	153.732	75.2009	0	22.4464	0	8.28107	64.4409	27.0712	0	85.7821	13.8395	0	3.03582	0	0	0	13.7124	419.954	4.42552	7.96739	1018.08	1018.08	268.105	3.18884	911.217	680.311	6.96438	543.746	6.96368	0	17.5509	3.39283	26.1583	0	605.231	0	283.724	10.4581	3.17207	183.722	8.93272	0	191.562	15.1192	0	0	0	117.478	0	9.77361	5.96612	0	0	0	0	44.0557	0	14.2209	0	429.778	0	0	223.336	65.7157	22.3421	0	7.37424	3.61511	5.54603	0	1.64595	0	0	0	0	15.2391	36.4796	737.736	0	248.604	1059.22
Stahl_04	0	596.277	254.141	470.556	0	0	0	352.472	688.23	597.189	87.2539	0	0	706.986	302.507	0	14.7937	0	415.387	0	687.827	0	226.607	499.157	2.73178	0	605.271	0	0	272.731	0	0	2.83252	13.206	0	0	0.798449	67.7099	0	0	85.9545	0	0	2.53671	0	0	121.982	0	271.033	0	221.767	0	0	0	0	0	0.623728	155.686	0	497.078	723.549	0	225.826	0	0	0	0	358.01	0	458.678	351.534	0	0	77.7662	0	109.5	0	148.168	0	0	3.02462	0	733.019	0	702.518	195.623	740.46	0	0	0	130.12	0	307.147	0	0	0	12.946	0	288.038	732.551	268.692	0	698.16	38.2685	0	0	12.3521	0	0	0	0	743.224	148.168	705.016	0	126.028	0	0	0	513.953	0	243.763	0	0	208.087	172.706	223.082	0	167.989	190.421	0	0	0	815.044	0	366.982	0	0	94.9555	0	0	0	134.088	0	96.4419	664.011	189.157	181.6	724.071	712.828	713.033	695.089	224.753	302.319	0	254.399	0	274.045	517.019	0	176.397	138.358	712.828	241.165	259.891	144.921	237.756	0	8.65965	208.002	0	0	433.06	438.987	726.004	0	2.00189	0	292.62	0	0	0	0	0	140.795	0	205.533	388.933	199.033	0	187.172	0	755.33	624.783	3.36763	0	0	77.5799	99.358	0	0	0	0	485.802	21.7252	210.382	0	191.571	0	3.30945	507.203	11.4797	0	0	144.447	0	264.478	203.14	0	159.008	823.312	159.008	267.757	416.161	429.518	0	212.364	111.621	2.00209	291.697	104.847	0	6.65971	0	21.7288	2.20823	174.632	0	523.505	227.707	0	92.3265	0	0	0	124.5	628.73	252.087	1.56257	815.044	815.044	366.595	158.581	747.457	540.581	4.92719	471.975	247.635	0	352.531	97.4102	2.78898	0	498.326	0	363.649	234.186	98.3978	190.421	195.761	0	173.182	337.076	0	25.3021	0	0	0	228.978	0	0	0	0	0	275.659	0	281.59	0	401.795	0	0	310.756	0	128.674	0	0	0.933129	0	0	0	0	0	0	0	2.21854	204.071	604.219	0	453.016	750.887
Stahl_05	0	273.216	250.945	466.913	0	0	0	483.452	538.982	504.614	46.1597	0	0	445.555	517.507	1.56971	10.7613	0	259.835	0	321.619	0	92.9847	481.593	7.15989	0	507.818	0	0	102.711	0	24.4337	3.42732	45.1086	0	0	3.04647	74.8151	0	0	145.975	0	0	18.8293	0	0	307.097	0	604.009	0	262.75	0	0	0	0	0	2.29089	236.599	0	204.574	485.328	0	112.603	0	16.2495	0	0	467.344	0	308.487	417.175	0	0	29.1754	0	51.0715	0	215.656	7.44491	0	2.63215	6.72793	324.445	0	296.064	62.7285	536.506	0	0	0	45.3559	0	731.56	0	0	0	6.31096	0	212.991	491.401	115.217	0	534.688	39.0464	0	0	8.99545	1.72212	0	2.39464	0	487.725	215.656	412.985	0	81.0351	0	0	0	242.657	0	145.062	11.6829	0	67.9681	69.739	242.885	0	55.2257	405.534	0	0	0	673.828	0	183.517	0	0	32.1374	0	10.8946	0	376.741	0	88.5942	379.327	277.846	61.1715	635.452	689.406	566.547	552.035	69.3234	98.3823	0	107.144	0	247.761	450.032	0	67.9281	173.256	689.406	85.2152	93.3184	93.8711	80.3883	0	6.12982	309.863	0	15.4241	491.499	512.27	542.119	0	8.25055	0	411.243	0	17.1277	0	2.08768	8.35524	54.1984	5.88707	107.046	735.258	79.5121	0	73.94	0	365.827	234	2.83486	0	0	262.82	33.1221	0	0	0	0	173.529	47.9142	57.2217	0	72.2826	14.9068	20.7681	232.16	6.54858	0	0	41.8223	4.52346	282.049	62.2231	0	45.5174	642.128	45.5174	85.4735	148.617	227.539	0	469.386	453.798	61.6624	253.113	174.141	0	4.37858	0	17.6489	129.606	66.966	0	224.35	73.2578	0	31.2461	0	0	0	158.639	343.491	93.458	14.7453	673.828	673.828	226.171	55.9401	572.648	191.664	17.7897	476.743	64.4324	0	134.097	32.1288	22.1356	0	135.8	0	1012.35	123.922	47.0288	405.534	78.7052	0	127.929	116.693	0	9.99832	0	70.0459	0	83.4355	17.2034	0	0	18.9511	0.654829	153.683	0	121.523	0	517.857	0	0	114.021	36.9868	80.0436	10.8571	7.38332	9.65824	4.5193	0	0	0	0	0	0	10.8796	88.068	548.581	0	401.418	651.511
Stahl_06	0	310.555	339.395	645.411	0	0	0	433.118	532.094	496.337	78.828	1.81813	0	497.842	527.808	1.14895	25.2631	0	378.852	0	402.102	0	147.943	446.564	6.94036	0	462.345	0	0	142.272	0	28.6525	8.34147	65.1235	0	0	4.7502	114.362	0	0	190.478	0	0	29.1481	0	0	231.562	0	657.663	0	343.182	0	0	0	0	0	1.13044	301.947	0	243.698	535.315	0	168.433	0	30.3711	0	0	471.518	0	401.118	515.488	1.17873	0	52.3907	0	93.4113	0	300.289	11.2476	0	3.38613	8.36929	366.933	0	352.751	107.389	550.126	0	0	0	80.2379	0	900.714	0	0	0	22.7585	0	359.3	550.231	182.461	0	573.399	64.1852	0	0	21.1826	0.581496	0	1.56028	0	569.289	300.289	466.086	0	133.902	0	0	0	252.82	0	231.025	36.8822	0	113.116	121.343	318.469	0	92.2358	370.508	0	0	0	758.57	0	315.141	0	0	56.2472	0	22.9062	0	396.332	0	49.1755	481.305	301.633	90.4397	687.315	774.956	619.82	603.882	115.012	161.743	0	191.286	0	399.581	437.093	0	119.93	249.403	774.956	124.195	135.375	74.3862	129.404	0	14.6051	330.847	0	0	478.372	504.78	551.269	0	4.98536	1.54094	497.006	0	32.0085	0	1.52991	0	83.916	0	196.618	805.025	142.86	0	125.865	0	403.75	279.753	5.36151	0	0	165.721	59.4321	0	0	0	0	195.062	51.7578	107.773	0	106.528	24.3369	15.313	346.249	22.3418	0	0	70.6114	5.07721	406.039	104.261	0	77.0341	713.954	77.0341	140.245	238.119	339.732	0	524.882	402.44	92.3304	354.721	169.522	0	10.29	0	33.0586	104.314	80.8796	0	264.618	118.706	0	54.4737	0	0	0	231.93	439.078	129.794	16.8023	758.57	758.57	339.48	71.2595	581.366	233.101	11.8444	486.551	110.833	0	211.257	57.266	14.1631	0	149.054	0	794.419	206.005	81.9831	370.508	127.773	0	241.823	178.809	0	13.0445	0	88.7386	0	116.205	25.2213	0.714424	0.714424	19.6247	0.554032	212.115	0	198.2	0	584.905	0	0	156.399	57.5767	105.443	9.50915	0	19.1536	15.3709	0	3.82311	8.50214	0	0	0	9.83042	140.156	663.54	0	596.874	683.367
Stahl_07	0	702.976	341.262	672.081	0	0	0	709.269	919.875	753.499	11.1825	0	0	928.466	514.576	0	15.3666	0	296.387	0	697.786	0	32.4712	634.325	3.32912	0	694.441	0	0	24.4051	0	16.4788	16.4302	28.4698	0	0	5.55662	65.0728	0	0	99.1758	0	0	21.9793	0	0	365.642	0	515.461	0	317.413	0	0	0	0	0	0	279.656	0	636.984	975.822	3.95445	27.7859	0	0	0	0	550.423	0	361.009	271.417	0	0	8.36829	0	16.1572	0	176.687	8.51006	0	0	0	833.479	0	748.53	21.3368	846.554	0	0	0	13.4154	0	659.638	0	0	0	17.0832	0	115.988	855.787	38.0568	0	848.6	24.0033	0	0	12.8491	0	0	0	0	872.037	176.687	943.889	0	24.5257	0	0	0	652.307	0	105.153	15.682	0	23.5773	31.362	316.549	0	17.8	202.99	0	0	0	956.202	0	77.5106	0	0	8.08359	0	4.60298	0	221.415	0	28.3677	494.863	199.886	14.826	791.339	759.173	841.679	817.586	10.9051	16.2684	0	31.6756	0	151.879	650.942	0	34.0006	52.8275	759.173	21.9267	24.2931	26.1328	29.7202	0	8.83448	215.923	0	21.7824	501.139	495.36	837.113	0	15.0562	0	341.423	0	4.95818	0	0	9.29855	11.8326	8.39056	54.5666	308.624	36.2113	0	19.3103	0	830.585	713.582	5.74563	0	0	145.033	9.17869	0	0	0	0	94.0162	0	23.4359	0	19.5195	3.06896	9.92598	121.688	10.9684	0	0	6.26308	2.04833	169.414	9.37501	0	7.03278	982.179	7.03278	13.9686	27.5339	114.406	0	170.214	332.293	31.5776	179.653	77.457	0	27.0536	0	15.2469	47.2295	34.118	0	86.5014	17.0646	0	7.4162	0	0	0	46.5989	452.207	21.5073	8.71157	956.202	956.202	251.451	9.57736	856.635	635.567	20.4208	568.156	20.5519	0	24.1143	8.7466	13.1685	0	564.469	0	299.563	30.0918	14.1243	202.99	17.0783	0	143.534	20.8047	0	1.88074	0	155.228	0	18.5678	14.1324	0	0	0	0	84.4721	0	22.1787	0	403.894	0	0	304.524	91.6814	39.3138	5.39477	11.7011	3.46695	8.95143	0	4.19815	0	0	0	0	10.304	55.7184	701.556	0	246.869	987.601
Stahl_08	0	548.507	268.772	613.611	0	0	0	450.973	655.804	556.811	76.4723	0	0	702.184	369.448	0	56.2592	0	427.196	0	633.296	0	176.625	476.651	12.4687	0	577.161	0	0	195.897	0	11.2574	4.1979	11.728	0	3.77645	4.74394	101.79	0	3.77645	150.336	0	0	8.0447	0	0	201.9	0	530.919	0	234.658	0	0	0	0	0	0.77231	147.268	0	440.92	719.83	1.93593	147.654	0	0	0	0	369.507	0	498.87	378.704	1.04385	0	51.0681	0	96.1451	0	287.548	6.52726	0	2.01381	0	774.057	0	668.178	134.248	721.05	0	0	0	79.5359	0	525.535	0	0	0	53.8011	0	298.262	768.378	185.646	0	693.477	73.9497	0	0	47.3446	0	0	1.08879	0	760.651	287.548	699.763	0	124.036	0	0	0	509.68	0	242.902	0	0	134.029	150.265	234.58	0	112.476	210.726	0	0	0	816.663	0	323.846	0	0	62.1323	0	3.24718	0	229.251	0	0	617.385	207.105	121.72	733.599	723.112	717.476	706.33	135.043	190.056	0	243.795	0	308.1	481.95	0	153.351	217.098	723.112	166.274	180.603	0	151.353	0	33.1884	297.96	0	4.91328	500.088	458.147	710.192	0	6.63206	0	434.763	0	3.28321	0	0	2.67592	95.3357	1.80163	197.742	523.084	154.382	0	142.85	0	653.487	545.309	14.2099	0	0	87.0668	57.3563	0	0	0	0	351.085	24.667	140.958	0	132.174	1.94294	19.7152	401.775	47.4436	0	0	82.4116	0	334.479	120.48	0	91.2744	885.861	91.2744	165.747	283.075	375.267	0	310.403	200.183	12.5567	209.712	170.101	0	10.5313	0	67.4796	52.7087	112.266	0	365.727	145.739	0	62.6459	0	0	0	198.141	583.45	179.297	5.69964	816.663	816.663	373.89	106.573	757.85	501.442	15.5032	505.896	159.348	0	245.166	64.2712	19.0209	0	434.886	0	431.912	191.42	76.1344	210.726	123.104	0	288.86	221.747	0	15.9404	0	79.0333	0	161.095	0	0	0	8.70457	0	239.582	0	210.786	0	501.741	0	0	234.214	49.629	101.828	2.81238	2.25452	0.730481	0	0	0	0	0	0	0	7.34199	140.456	703.238	0	521.692	749.063
Stahl_09	0	515.165	394.934	708.741	0	0	0	484.815	645.361	496.983	87.5691	0	0	733.256	403.751	0	87.4164	0	455.617	0	590.079	0	192.562	465.417	2.31632	0	520.781	0	0	208.545	0	15.6462	15.0296	51.4665	0	0	4.64131	142.436	0	0	208.719	0	0	18.3322	0	0	227.248	0	557.999	0	368.484	0	0	0	0	0	0	225.571	0	425.143	753.648	2.8178	168.589	0	22.4279	0	0	382.023	0	487.188	427.636	4.00677	0	56.6292	0	121.804	0	372.641	3.44305	0	0	11.1897	713.795	0	603.748	146.076	699.278	2.20561	4.92617	6.78572	101.322	0	706.658	0	0	0	62.8619	0	307.047	719.638	211.583	0	694.618	89.1285	0	0	73.9628	0	0	0	0	720.941	372.641	739.49	0	153.703	0	0	0	438.986	0	254.662	64.6396	0	162.772	168.86	365.827	0	125.748	243.62	0	0	0	819.133	0	353.003	0	0	69.664	0	20.8306	0	313.98	0	135.581	603.752	236.304	136.278	725.368	720.564	685.762	667.494	144.405	202.796	0	249.917	0	433.872	425.992	0	173.41	242.717	720.564	183.722	198.962	165.22	177.058	0	51.8097	320.736	0	12.0503	518.011	496.833	696.505	15.6611	25.3953	0	501.267	0	21.8983	0	0	6.52708	96.3489	4.45787	203.89	600.932	156.33	0	150.058	0	615.338	490.693	19.6612	0	0	76.609	75.1269	0	0	0	0	338.54	110.385	164.831	0	153.463	13.7428	5.16258	444.275	56.6349	0	0	88.4938	19.4499	371.853	129.408	0	97.8696	844.533	97.8696	176.393	299.139	388.876	0	414.375	291.772	25.6908	249.838	138.46	0	40.8063	0	88.514	64.8633	127.445	0	357.876	158.819	0	66.6289	0	0	0	222.259	570.644	191.68	47.2108	819.133	819.133	402.832	117.143	739.567	454.516	52.7512	515.274	199.154	0	259.475	73.0125	4.44949	0	352.721	0	493.562	220.523	84.7261	243.62	137.292	0	320.021	232.021	0	15.6557	0	98.7386	0	173.024	33.4301	1.32809	1.32809	3.21079	0	299.604	0	232.91	0	499.249	0	0	239.554	101.345	88.1085	60.8068	5.59858	4.91505	28.1714	0	0	0	0	0	0	25.7883	163.701	759.516	0	569.307	763.017
Stahl_10	0	218.735	224.738	413.311	0	0	0	321.764	391.738	385.593	105.181	0	0	377.272	410.068	0	0	0	300.462	0	297.47	0	173.96	337.44	0	0	410.136	0	0	163.579	0	11.2636	0	40.1478	0	0	0	50.8042	0	0	156.214	0	0	6.11388	0	0	178.874	0	451.686	0	219.519	0	0	0	0	0	1.97434	209.967	0	166.404	404.063	0	236.76	0	0	0	0	336.486	0	284.162	423.265	0	0	64.7481	0	89.5778	0	145.402	0	0	0	0	271.963	0	245.945	130.548	404.262	0	0	0	89.8075	0	585.78	0	0	0	3.72727	0	266.995	393.19	180.737	0	429.929	31.5974	0	0	0	0	0	2.60207	0	414.062	145.402	367.003	0	140.515	0	0	0	164.821	0	165.268	11.1457	0	162.28	140.017	212.542	0	121.287	308.345	0	0	0	516.094	0	362.933	0	3.45796	69.438	0	6.67352	0	305.744	0	0	489.449	283.516	112.053	501.964	527.165	435.11	426.712	182.835	240.122	0	257.989	0	297.254	343.49	0	126.61	221.956	527.165	151.419	168.35	0	150.977	0	0	270.137	0	6.49082	351.751	373.938	397.6	0	4.13006	0	383.305	0	8.69883	0	0	3.54186	113.11	2.38886	187.865	653.86	136.768	0	133.553	0	315.499	182.958	0	0	0	149.087	69.5889	0	0	0	0	200.706	59.6676	119.2	0	163.754	6.71717	21.4507	365.903	4.00881	0	0	118.489	0	309.215	170.322	0	130.296	564.712	130.296	213.812	316.989	310.631	0	365.083	295.64	99.466	266.799	159.995	0	6.9671	0	5.71148	95.6564	113.168	0	276.752	136.884	0	68.3685	0	0	0	211.448	478.698	149.537	6.61853	516.094	516.094	270.64	103.558	409.235	152.507	9.92906	345.664	111.678	0	276.755	70.5147	19.5881	0	123.839	0	679.995	222.924	89.8665	308.345	161.807	0	96.3851	223.697	0	17.8541	0	52.235	0	160.25	5.94749	0	0	23.4319	0	170.438	0	253.747	0	410.436	0	0	166.962	29.7569	149.56	0	2.98588	3.73675	4.21258	0	0	6.71717	0	0	0	4.48999	156.855	481.177	0	458.225	465.837
Stahl_11	0	326.787	317.618	485.203	0	0	0	452.219	501.541	370.728	66.2058	2.32486	0	544.735	392.396	1.82592	39.5694	0	320.628	0	379.329	0	147.961	355.668	3.61025	0	409.788	0	0	156.787	0	23.6977	26.5922	26.7286	0	2.46991	4.17262	81.3785	7.68247	2.46991	189.748	0	0	32.2104	0	0	255.415	0	482.752	0	320.852	0	0	0	0	0	2.57657	157.75	0	262.812	575.883	8.48057	157.749	0	58.5501	0	0	342.939	0	316.804	373.1	9.37074	0	49.1058	0	90.2306	0	243.627	13.94	0	12.4069	10.0459	379.863	0	365.283	109.324	481.165	0	0	6.71653	78.1794	0	534.845	0	0	0	26.7348	0	201.451	441.006	162.902	0	514.262	44.9186	0	0	33.3329	0	0	3.64959	0	456.296	243.627	543.035	0	125.577	0	0	0	270.154	0	175.45	47.6907	0	114.772	116.224	309.621	0	99.5508	246.276	0	0	0	570.725	0	240.337	0	0	55.8922	0	22.3607	0	307.87	0	156.266	472.587	232.257	99.6093	534.497	570.203	459.787	439.767	111.97	155.603	0	159.762	0	256.245	321.204	0	115.702	210.624	570.203	135.095	148.494	156.551	138.183	0	22.8269	271.466	0	48.0153	371.548	381.793	474.686	28.1819	25.7856	1.97098	387.509	0	26.8071	0	2.4281	25.6907	72.9464	19.5689	137.762	449.237	132.661	0	121.768	0	404.026	259.273	10.1881	0	0	121.679	59.5382	0	0	0	0	237.907	69.7574	114.465	0	109.975	18.9369	34.9796	388.805	26.2019	0	0	69.0703	11.2919	239.054	100.889	0	75.5423	617.156	75.5423	135.797	225.116	265.24	0	234.394	311.28	51.3858	245.825	179.485	0	44.0263	0	47.0939	117.253	110.788	0	295.437	108.71	0	54.2639	0	0	0	195.179	443.754	143.85	29.2322	570.725	570.725	285.684	96.7915	486.588	262.801	49.8239	361.683	158.191	0	197.226	56.6231	41.2345	0	187.837	0	441.989	171.171	71.8187	246.276	119.755	0	159.197	173.296	0	17.3654	0	139.163	0	140.381	37.3516	0	0	9.67569	0	222.657	0	175.634	0	440.084	0	0	187.107	131.487	95.372	25.3874	24.9716	13.8771	21.0685	0	2.59918	0	0	0	0	34.2916	130.154	548.51	0	415.628	618.496
